2026-07-29 15:48:56.949 +0530 [debug] (configs.js) loaded default configs as "{"updates":{"manifest_url":"https://cdn.freshdev.io/assets/fdk/updates.json","changelog_url":"https://cdn.freshdev.io/assets/fdk/change-log.json","period":24},"log":{"level":"info"},"javascript":{"ecma_version":2020},"request":{"timeout":15000,"maxFilesPerRequest":5},"global_apps":{"enabled":true},"easel":{"enabled":false},"job":{"timeout":120000},"av_scan":{"status":"SAFE"}}"
2026-07-29 15:48:56.950 +0530 [debug] (configs.js) loaded global configs as "{"global_apps":{"enabled":"true"},"request":{"timeout":15000},"job":{"timeout":120000}}"
2026-07-29 15:48:56.951 +0530 [debug] (configs.js) loaded local configs as "{"request":{"timeout":15000},"job":{"timeout":120000},"global_apps":{"enabled":"true"}}"
2026-07-29 15:48:56.951 +0530 [debug] (configs.js) loaded env configs as "{"updates":{},"log":{},"javascript":{},"request":{"timeout":15000,"maxFilesPerRequest":5},"job":{"timeout":120000},"av_scan":{"status":"SAFE"}}"
2026-07-29 15:48:56.951 +0530 [debug] (configs.js) loaded resolved configs as "{"updates":{"manifest_url":"https://cdn.freshdev.io/assets/fdk/updates.json","changelog_url":"https://cdn.freshdev.io/assets/fdk/change-log.json","period":24},"log":{"level":"info"},"javascript":{"ecma_version":2020},"request":{"timeout":15000,"maxFilesPerRequest":5},"global_apps":{"enabled":"true"},"easel":{"enabled":false},"job":{"timeout":120000},"av_scan":{"status":"SAFE"}}"
2026-07-29 15:48:56.951 +0530 [debug] (logger.js) Starting FDK in node v24.11.0 on win32
2026-07-29 15:48:56.951 +0530 [debug] (sequelize.js) setting up sqilite at "C:\plenty-markets/.fdk/store.sqlite"
2026-07-29 15:48:56.951 +0530 [debug] (data.js) Read {"version_details":{"cli":{"deprecated":{"version":"<9","message":"This FDK version has been deprecated. There will be no further feature updates to this version. For a seamless app-building experience, ensure to move to the latest FDK version. For more information, see https://developers.freshworks.com/docs/app-sdk/v2.3/freshdesk/migration-guide/#migrate-to-the-latest-platform-version."},"forced":{"version":"7.0.0","command":"npm install https://dl.freshdev.io/cli/fdk-7.0.0.tgz -g","message":"Your FDK version has been forced updated to v7.0.0, please visit https://community.developers.freshworks.com/t/fdk-v7-0-announcing-node-js-v12-and-es6-support/3606 to know more"},"latest":{"version":"10.1.8","command":"npm install https://cdn.freshdev.io/fdk/latest-v24.tgz -g","message":"You are on the latest FDK version. For information on the features available as part of this FDK version, see https://developers.freshworks.com/docs/?tab=modules."}},"addon":{"version":"2.2.9","url":"https://cdn.freshdev.io/assets/fdk/addons/addon.zip"}},"last_updated":{"time_stamp":1785231877536}}
2026-07-29 15:48:56.951 +0530 [debug] (updater.js) last check more than 24 hours ago, looking for updates again
2026-07-29 15:48:57.119 +0530 [debug] (updater.js) downloaded update manifest as {"cli":{"deprecated":{"version":"<9","message":"This FDK version has been deprecated. There will be no further feature updates to this version. For a seamless app-building experience, ensure to move to the latest FDK version. For more information, see https://developers.freshworks.com/docs/app-sdk/v2.3/freshdesk/migration-guide/#migrate-to-the-latest-platform-version."},"forced":{"version":"7.0.0","command":"npm install https://dl.freshdev.io/cli/fdk-7.0.0.tgz -g","message":"Your FDK version has been forced updated to v7.0.0, please visit https://community.developers.freshworks.com/t/fdk-v7-0-announcing-node-js-v12-and-es6-support/3606 to know more"},"latest":{"version":"10.1.8","command":"npm install https://cdn.freshdev.io/fdk/latest-v24.tgz -g","message":"You are on the latest FDK version. For information on the features available as part of this FDK version, see https://developers.freshworks.com/docs/?tab=modules."}},"addon":{"version":"2.2.9","url":"https://cdn.freshdev.io/assets/fdk/addons/addon.zip"}}
2026-07-29 15:48:57.120 +0530 [debug] (data.js) Read {"version_details":{"cli":{"deprecated":{"version":"<9","message":"This FDK version has been deprecated. There will be no further feature updates to this version. For a seamless app-building experience, ensure to move to the latest FDK version. For more information, see https://developers.freshworks.com/docs/app-sdk/v2.3/freshdesk/migration-guide/#migrate-to-the-latest-platform-version."},"forced":{"version":"7.0.0","command":"npm install https://dl.freshdev.io/cli/fdk-7.0.0.tgz -g","message":"Your FDK version has been forced updated to v7.0.0, please visit https://community.developers.freshworks.com/t/fdk-v7-0-announcing-node-js-v12-and-es6-support/3606 to know more"},"latest":{"version":"10.1.8","command":"npm install https://cdn.freshdev.io/fdk/latest-v24.tgz -g","message":"You are on the latest FDK version. For information on the features available as part of this FDK version, see https://developers.freshworks.com/docs/?tab=modules."}},"addon":{"version":"2.2.9","url":"https://cdn.freshdev.io/assets/fdk/addons/addon.zip"}},"last_updated":{"time_stamp":1785231877536}}
2026-07-29 15:48:57.121 +0530 [debug] (data.js) Read {"version_details":{"cli":{"deprecated":{"version":"<9","message":"This FDK version has been deprecated. There will be no further feature updates to this version. For a seamless app-building experience, ensure to move to the latest FDK version. For more information, see https://developers.freshworks.com/docs/app-sdk/v2.3/freshdesk/migration-guide/#migrate-to-the-latest-platform-version."},"forced":{"version":"7.0.0","command":"npm install https://dl.freshdev.io/cli/fdk-7.0.0.tgz -g","message":"Your FDK version has been forced updated to v7.0.0, please visit https://community.developers.freshworks.com/t/fdk-v7-0-announcing-node-js-v12-and-es6-support/3606 to know more"},"latest":{"version":"10.1.8","command":"npm install https://cdn.freshdev.io/fdk/latest-v24.tgz -g","message":"You are on the latest FDK version. For information on the features available as part of this FDK version, see https://developers.freshworks.com/docs/?tab=modules."}},"addon":{"version":"2.2.9","url":"https://cdn.freshdev.io/assets/fdk/addons/addon.zip"}},"last_updated":{"time_stamp":1785231877536}}
2026-07-29 15:48:57.141 +0530 [debug] (data.js) Read {"version_details":{"cli":{"deprecated":{"version":"<9","message":"This FDK version has been deprecated. There will be no further feature updates to this version. For a seamless app-building experience, ensure to move to the latest FDK version. For more information, see https://developers.freshworks.com/docs/app-sdk/v2.3/freshdesk/migration-guide/#migrate-to-the-latest-platform-version."},"forced":{"version":"7.0.0","command":"npm install https://dl.freshdev.io/cli/fdk-7.0.0.tgz -g","message":"Your FDK version has been forced updated to v7.0.0, please visit https://community.developers.freshworks.com/t/fdk-v7-0-announcing-node-js-v12-and-es6-support/3606 to know more"},"latest":{"version":"10.1.8","command":"npm install https://cdn.freshdev.io/fdk/latest-v24.tgz -g","message":"You are on the latest FDK version. For information on the features available as part of this FDK version, see https://developers.freshworks.com/docs/?tab=modules."}},"addon":{"version":"2.2.9","url":"https://cdn.freshdev.io/assets/fdk/addons/addon.zip"}},"last_updated":{"time_stamp":1785231877536}}
2026-07-29 15:48:57.171 +0530 [debug] (index.js) running with opts {}
2026-07-29 15:49:03.301 +0530 [debug] (data.js) Read {"version_details":{"cli":{"deprecated":{"version":"<9","message":"This FDK version has been deprecated. There will be no further feature updates to this version. For a seamless app-building experience, ensure to move to the latest FDK version. For more information, see https://developers.freshworks.com/docs/app-sdk/v2.3/freshdesk/migration-guide/#migrate-to-the-latest-platform-version."},"forced":{"version":"7.0.0","command":"npm install https://dl.freshdev.io/cli/fdk-7.0.0.tgz -g","message":"Your FDK version has been forced updated to v7.0.0, please visit https://community.developers.freshworks.com/t/fdk-v7-0-announcing-node-js-v12-and-es6-support/3606 to know more"},"latest":{"version":"10.1.8","command":"npm install https://cdn.freshdev.io/fdk/latest-v24.tgz -g","message":"You are on the latest FDK version. For information on the features available as part of this FDK version, see https://developers.freshworks.com/docs/?tab=modules."}},"addon":{"version":"2.2.9","url":"https://cdn.freshdev.io/assets/fdk/addons/addon.zip"}},"last_updated":{"time_stamp":1785320337121}}
2026-07-29 15:49:03.304 +0530 [debug] (manifest.js) Reloading manifest with {"platform-version":"3.0","modules":{"common":{"requests":{"login":{},"validateCredentials":{},"getWorkitem":{},"getOrderNumberItems":{}}},"support_ticket":{"location":{"ticket_sidebar":{"url":"template.html","icon":"icon.svg"}}}},"engines":{"node":"24.11.0","fdk":"10.1.8"}}.
2026-07-29 15:49:03.304 +0530 [debug] (manifest.js) Inferred db as features.
2026-07-29 15:49:04.380 +0530 [debug] (data.js) Read {"version_details":{"cli":{"deprecated":{"version":"<9","message":"This FDK version has been deprecated. There will be no further feature updates to this version. For a seamless app-building experience, ensure to move to the latest FDK version. For more information, see https://developers.freshworks.com/docs/app-sdk/v2.3/freshdesk/migration-guide/#migrate-to-the-latest-platform-version."},"forced":{"version":"7.0.0","command":"npm install https://dl.freshdev.io/cli/fdk-7.0.0.tgz -g","message":"Your FDK version has been forced updated to v7.0.0, please visit https://community.developers.freshworks.com/t/fdk-v7-0-announcing-node-js-v12-and-es6-support/3606 to know more"},"latest":{"version":"10.1.8","command":"npm install https://cdn.freshdev.io/fdk/latest-v24.tgz -g","message":"You are on the latest FDK version. For information on the features available as part of this FDK version, see https://developers.freshworks.com/docs/?tab=modules."}},"addon":{"version":"2.2.9","url":"https://cdn.freshdev.io/assets/fdk/addons/addon.zip"}},"last_updated":{"time_stamp":1785320337121}}
2026-07-29 15:49:18.716 +0530 [debug] (file.js) Error while requiring C:\plenty-markets/.report.json: Cannot find module 'C:\plenty-markets/.report.json'
Require stack:
- C:\Users\user\AppData\Roaming\nvm\v24.11.0\node_modules\@freshworks\fdk\lib\utils\file.js
- C:\Users\user\AppData\Roaming\nvm\v24.11.0\node_modules\@freshworks\fdk\lib\configs.js
- C:\Users\user\AppData\Roaming\nvm\v24.11.0\node_modules\@freshworks\fdk\lib\logger.js
- C:\Users\user\AppData\Roaming\nvm\v24.11.0\node_modules\@freshworks\fdk\index.js
2026-07-29 15:49:19.008 +0530 [debug] (coverage.js) INIT: About to merge initial coverage data with 0 files
2026-07-29 15:49:19.008 +0530 [debug] (coverage.js) INIT: After merge - Files in map: 0
2026-07-29 15:49:23.169 +0530 [debug] (index.js) Initializing AJV schemas from individual files
2026-07-29 15:49:23.169 +0530 [debug] (index.js) Compiling schemas...
2026-07-29 15:49:23.179 +0530 [debug] (index.js) All schemas compiled successfully
2026-07-29 15:49:27.179 +0530 [debug] (index.js) loading model at "C:\Users\user\AppData\Roaming\nvm\v24.11.0\node_modules\@freshworks\fdk\lib\models\bigint-pivot.js"
2026-07-29 15:49:27.279 +0530 [debug] (index.js) loading model at "C:\Users\user\AppData\Roaming\nvm\v24.11.0\node_modules\@freshworks\fdk\lib\models\entity-field-choice.js"
2026-07-29 15:49:27.340 +0530 [debug] (index.js) loading model at "C:\Users\user\AppData\Roaming\nvm\v24.11.0\node_modules\@freshworks\fdk\lib\models\entity-field.js"
2026-07-29 15:49:27.396 +0530 [debug] (index.js) loading model at "C:\Users\user\AppData\Roaming\nvm\v24.11.0\node_modules\@freshworks\fdk\lib\models\entity.js"
2026-07-29 15:49:27.446 +0530 [debug] (index.js) loading model at "C:\Users\user\AppData\Roaming\nvm\v24.11.0\node_modules\@freshworks\fdk\lib\models\files.js"
2026-07-29 15:49:27.498 +0530 [debug] (index.js) loading model at "C:\Users\user\AppData\Roaming\nvm\v24.11.0\node_modules\@freshworks\fdk\lib\models\oauth-details.js"
2026-07-29 15:49:27.546 +0530 [debug] (index.js) loading model at "C:\Users\user\AppData\Roaming\nvm\v24.11.0\node_modules\@freshworks\fdk\lib\models\record.js"
2026-07-29 15:49:27.728 +0530 [debug] (index.js) loading model at "C:\Users\user\AppData\Roaming\nvm\v24.11.0\node_modules\@freshworks\fdk\lib\models\string-pivot.js"
2026-07-29 15:49:31.762 +0530 [debug] (index.js) 'schema: ' [object Object]
2026-07-29 15:49:31.768 +0530 [debug] (index.js) 'schema: ' [object Object]
2026-07-29 15:49:31.771 +0530 [debug] (index.js) 'schema: ' [object Object]
2026-07-29 15:49:31.771 +0530 [debug] (index.js) 'schema: ' [object Object]
2026-07-29 15:49:31.773 +0530 [debug] (index.js) 'schema: ' [object Object]
2026-07-29 15:49:31.774 +0530 [debug] (index.js) 'schema: ' [object Object]
2026-07-29 15:49:31.775 +0530 [debug] (index.js) 'schema: ' [object Object]
2026-07-29 15:49:31.783 +0530 [debug] (index.js) 'schema: ' [object Object]
2026-07-29 15:49:31.783 +0530 [debug] (index.js) 'schema: ' [object Object]
2026-07-29 15:49:31.783 +0530 [debug] (index.js) 'schema: ' [object Object]
2026-07-29 15:49:31.787 +0530 [debug] (index.js) 'schema: ' [object Object]
2026-07-29 15:49:31.789 +0530 [debug] (index.js) 'schema: ' [object Object]
2026-07-29 15:49:31.790 +0530 [debug] (index.js) 'schema: ' [object Object]
2026-07-29 15:49:31.791 +0530 [debug] (index.js) 'schema: ' [object Object]
2026-07-29 15:49:31.791 +0530 [debug] (index.js) 'schema: ' [object Object]
2026-07-29 15:49:31.793 +0530 [debug] (index.js) 'schema: ' [object Object]
2026-07-29 15:49:31.794 +0530 [debug] (index.js) 'schema: ' [object Object]
2026-07-29 15:49:31.803 +0530 [debug] (index.js) 'schema: ' [object Object]
2026-07-29 15:49:50.168 +0530 [debug] (data.js) Read {"version_details":{"cli":{"deprecated":{"version":"<9","message":"This FDK version has been deprecated. There will be no further feature updates to this version. For a seamless app-building experience, ensure to move to the latest FDK version. For more information, see https://developers.freshworks.com/docs/app-sdk/v2.3/freshdesk/migration-guide/#migrate-to-the-latest-platform-version."},"forced":{"version":"7.0.0","command":"npm install https://dl.freshdev.io/cli/fdk-7.0.0.tgz -g","message":"Your FDK version has been forced updated to v7.0.0, please visit https://community.developers.freshworks.com/t/fdk-v7-0-announcing-node-js-v12-and-es6-support/3606 to know more"},"latest":{"version":"10.1.8","command":"npm install https://cdn.freshdev.io/fdk/latest-v24.tgz -g","message":"You are on the latest FDK version. For information on the features available as part of this FDK version, see https://developers.freshworks.com/docs/?tab=modules."}},"addon":{"version":"2.2.9","url":"https://cdn.freshdev.io/assets/fdk/addons/addon.zip"}},"last_updated":{"time_stamp":1785320337121}}
2026-07-29 15:50:49.596 +0530 [debug] (validate.js) asked to skip the following validations, 
2026-07-29 15:50:49.596 +0530 [debug] (validate.js) running validator actions
2026-07-29 15:50:49.596 +0530 [debug] (validate.js) running validator requests
2026-07-29 15:50:49.596 +0530 [debug] (requests.js) validating request template for "login"
2026-07-29 15:50:49.597 +0530 [debug] (validate.js) running validator app-dir
2026-07-29 15:50:49.597 +0530 [debug] (validate.js) running validator config-dir
2026-07-29 15:50:49.597 +0530 [debug] (config-dir.js) Checking to see if C:\plenty-markets/config/ exists.
2026-07-29 15:50:49.598 +0530 [debug] (config-dir.js) Fetched the following config files iparams.html,requests.json
2026-07-29 15:50:49.598 +0530 [debug] (validate.js) running validator custom-objects
2026-07-29 15:50:49.598 +0530 [debug] (validate.js) running validator event
2026-07-29 15:50:49.598 +0530 [debug] (validate.js) running validator iparam
2026-07-29 15:50:49.714 +0530 [debug] (validate.js) running validator lint
2026-07-29 15:50:49.714 +0530 [debug] (lint.js) passed fix flag: undefined
2026-07-29 15:50:49.795 +0530 [debug] (lint.js) Running the following lints on the file app\app.js : no-eval,no-alert,no-debugger,no-unreachable,no-duplicate-imports,constructor-super,for-direction,no-class-assign,no-new-native-nonconstructor,valid-typeof,no-eq-null,no-var,require-await,no-unreachable-loop,no-redeclare,no-self-assign,no-setter-return,no-shadow-restricted-names,no-this-before-super,no-unsafe-finally,no-unsafe-optional-chaining,no-unused-vars,no-useless-catch,eqeqeq,prefer-const,require-yield,no-global-assign,no-caller,no-process-env,complexity,max-nested-callbacks,handle-callback-err,getter-return,no-async-promise-executor,no-case-declarations,no-compare-neg-zero,no-cond-assign,no-const-assign,no-constant-condition,no-control-regex,no-delete-var,no-dupe-args,no-dupe-class-members,no-dupe-else-if,no-dupe-keys,no-duplicate-case,no-empty,no-empty-character-class,no-empty-pattern,no-ex-assign,no-extra-boolean-cast,no-extra-semi,no-fallthrough,no-func-assign,no-import-assign,no-inner-declarations,no-invalid-regexp,no-irregular-whitespace,no-loss-of-precision,no-misleading-character-class,no-mixed-spaces-and-tabs,no-nonoctal-decimal-escape,no-obj-calls,no-octal,no-prototype-builtins,no-regex-spaces,no-sparse-arrays,no-unexpected-multiline,no-unsafe-negation,no-unused-labels,no-useless-backreference,no-useless-escape,no-with,use-isnan,no-unpkg-cdn,no-proxy-requests,no-unhandled-promise,no-logging-rejections,no-non-client-request-model,no-deprecated-apis,no-cross-scope-assign,no-empty-function
2026-07-29 15:50:54.031 +0530 [debug] (lint.js) Running the following lints on the file app\js\index.js : no-eval,no-alert,no-debugger,no-unreachable,no-duplicate-imports,constructor-super,for-direction,no-class-assign,no-new-native-nonconstructor,valid-typeof,no-eq-null,no-var,require-await,no-unreachable-loop,no-redeclare,no-self-assign,no-setter-return,no-shadow-restricted-names,no-this-before-super,no-unsafe-finally,no-unsafe-optional-chaining,no-unused-vars,no-useless-catch,eqeqeq,prefer-const,require-yield,no-global-assign,no-caller,no-process-env,complexity,max-nested-callbacks,handle-callback-err,getter-return,no-async-promise-executor,no-case-declarations,no-compare-neg-zero,no-cond-assign,no-const-assign,no-constant-condition,no-control-regex,no-delete-var,no-dupe-args,no-dupe-class-members,no-dupe-else-if,no-dupe-keys,no-duplicate-case,no-empty,no-empty-character-class,no-empty-pattern,no-ex-assign,no-extra-boolean-cast,no-extra-semi,no-fallthrough,no-func-assign,no-import-assign,no-inner-declarations,no-invalid-regexp,no-irregular-whitespace,no-loss-of-precision,no-misleading-character-class,no-mixed-spaces-and-tabs,no-nonoctal-decimal-escape,no-obj-calls,no-octal,no-prototype-builtins,no-regex-spaces,no-sparse-arrays,no-unexpected-multiline,no-unsafe-negation,no-unused-labels,no-useless-backreference,no-useless-escape,no-with,use-isnan,no-unpkg-cdn,no-proxy-requests,no-unhandled-promise,no-logging-rejections,no-non-client-request-model,no-deprecated-apis,no-cross-scope-assign,no-empty-function
2026-07-29 15:50:54.216 +0530 [debug] (validate.js) running validator manifest
2026-07-29 15:50:54.217 +0530 [debug] (validate.js) skipping validator manifest-dependency
2026-07-29 15:50:54.217 +0530 [debug] (validate.js) running validator manifest-scripts
2026-07-29 15:50:54.217 +0530 [debug] (validate.js) running validator oauth
2026-07-29 15:50:54.217 +0530 [debug] (validate.js) skipping validator pkgsize
2026-07-29 15:50:54.217 +0530 [debug] (validate.js) running validator schema
2026-07-29 15:50:54.217 +0530 [debug] (validate.js) running validator version-check
2026-07-29 15:50:54.217 +0530 [debug] (validate.js) running validator app-settings
2026-07-29 15:50:54.218 +0530 [debug] (http.js) Failed to parse URL: https://<%= iparam.SWdomain %>, error: Invalid URL
2026-07-29 15:50:54.220 +0530 [debug] (index.js) error where executing ajv validations Error: validation failed
    at validate26 (eval at compileSchema (C:\Users\user\AppData\Roaming\nvm\v24.11.0\node_modules\@freshworks\fdk\node_modules\ajv\dist\compile\index.js:89:30), <anonymous>:3:29531)
    at validate (C:\Users\user\AppData\Roaming\nvm\v24.11.0\node_modules\@freshworks\fdk\lib\utils\validator\index.js:57:11)
    at validateRequests (C:\Users\user\AppData\Roaming\nvm\v24.11.0\node_modules\@freshworks\fdk\lib\validations\requests.js:27:13)
    at process.processTicksAndRejections (node:internal/process/task_queues:105:5)
    at async Object.validate (C:\Users\user\AppData\Roaming\nvm\v24.11.0\node_modules\@freshworks\fdk\lib\validations\requests.js:60:10)
    at async Promise.all (index 1)
    at async Object.run (C:\Users\user\AppData\Roaming\nvm\v24.11.0\node_modules\@freshworks\fdk\lib\cli\validate.js:36:25)
    at async Object.run (C:\Users\user\AppData\Roaming\nvm\v24.11.0\node_modules\@freshworks\fdk\lib\cli\run.js:229:32)
    at async Command.parseAsync (C:\Users\user\AppData\Roaming\nvm\v24.11.0\node_modules\@freshworks\fdk\node_modules\commander\lib\command.js:1092:5)
2026-07-29 15:50:54.220 +0530 [debug] (requests.js) validating request template for "validateCredentials"
2026-07-29 15:50:54.222 +0530 [debug] (http.js) Failed to parse URL: https://<%= context.domain %>, error: Invalid URL
2026-07-29 15:50:54.222 +0530 [debug] (index.js) error where executing ajv validations Error: validation failed
    at validate26 (eval at compileSchema (C:\Users\user\AppData\Roaming\nvm\v24.11.0\node_modules\@freshworks\fdk\node_modules\ajv\dist\compile\index.js:89:30), <anonymous>:3:29531)
    at validate (C:\Users\user\AppData\Roaming\nvm\v24.11.0\node_modules\@freshworks\fdk\lib\utils\validator\index.js:57:11)
    at validateRequests (C:\Users\user\AppData\Roaming\nvm\v24.11.0\node_modules\@freshworks\fdk\lib\validations\requests.js:27:13)
    at process.processTicksAndRejections (node:internal/process/task_queues:105:5)
    at async Object.validate (C:\Users\user\AppData\Roaming\nvm\v24.11.0\node_modules\@freshworks\fdk\lib\validations\requests.js:60:10)
    at async Promise.all (index 1)
    at async Object.run (C:\Users\user\AppData\Roaming\nvm\v24.11.0\node_modules\@freshworks\fdk\lib\cli\validate.js:36:25)
    at async Object.run (C:\Users\user\AppData\Roaming\nvm\v24.11.0\node_modules\@freshworks\fdk\lib\cli\run.js:229:32)
    at async Command.parseAsync (C:\Users\user\AppData\Roaming\nvm\v24.11.0\node_modules\@freshworks\fdk\node_modules\commander\lib\command.js:1092:5)
2026-07-29 15:50:54.222 +0530 [debug] (requests.js) validating request template for "getWorkitem"
2026-07-29 15:50:54.222 +0530 [debug] (http.js) Failed to parse URL: https://<%= iparam.SWdomain %>, error: Invalid URL
2026-07-29 15:50:54.223 +0530 [debug] (http.js) Failed to parse URL: https://<%= iparam.SWdomain %>, error: Invalid URL
2026-07-29 15:50:54.223 +0530 [debug] (index.js) error where executing ajv validations Error: validation failed
    at validate26 (eval at compileSchema (C:\Users\user\AppData\Roaming\nvm\v24.11.0\node_modules\@freshworks\fdk\node_modules\ajv\dist\compile\index.js:89:30), <anonymous>:3:29531)
    at validate (C:\Users\user\AppData\Roaming\nvm\v24.11.0\node_modules\@freshworks\fdk\lib\utils\validator\index.js:57:11)
    at Object.get (C:\Users\user\AppData\Roaming\nvm\v24.11.0\node_modules\@freshworks\fdk\lib\actions\request.js:50:9)
    at process.processTicksAndRejections (node:internal/process/task_queues:105:5)
    at async validateRequests (C:\Users\user\AppData\Roaming\nvm\v24.11.0\node_modules\@freshworks\fdk\lib\validations\manifest.js:537:9)
    at async validateManifest (C:\Users\user\AppData\Roaming\nvm\v24.11.0\node_modules\@freshworks\fdk\lib\validations\manifest.js:735:5)
    at async Promise.all (index 8)
    at async Object.run (C:\Users\user\AppData\Roaming\nvm\v24.11.0\node_modules\@freshworks\fdk\lib\cli\validate.js:36:25)
    at async Object.run (C:\Users\user\AppData\Roaming\nvm\v24.11.0\node_modules\@freshworks\fdk\lib\cli\run.js:229:32)
    at async Command.parseAsync (C:\Users\user\AppData\Roaming\nvm\v24.11.0\node_modules\@freshworks\fdk\node_modules\commander\lib\command.js:1092:5)
2026-07-29 15:50:54.223 +0530 [debug] (requests.js) validating request template for "getOrderNumberItems"
2026-07-29 15:50:54.223 +0530 [debug] (http.js) Failed to parse URL: https://<%= iparam.SWdomain %>, error: Invalid URL
2026-07-29 15:50:54.223 +0530 [debug] (http.js) Failed to parse URL: https://<%= context.domain %>, error: Invalid URL
2026-07-29 15:50:54.223 +0530 [debug] (index.js) error where executing ajv validations Error: validation failed
    at validate26 (eval at compileSchema (C:\Users\user\AppData\Roaming\nvm\v24.11.0\node_modules\@freshworks\fdk\node_modules\ajv\dist\compile\index.js:89:30), <anonymous>:3:29531)
    at validate (C:\Users\user\AppData\Roaming\nvm\v24.11.0\node_modules\@freshworks\fdk\lib\utils\validator\index.js:57:11)
    at Object.get (C:\Users\user\AppData\Roaming\nvm\v24.11.0\node_modules\@freshworks\fdk\lib\actions\request.js:50:9)
    at process.processTicksAndRejections (node:internal/process/task_queues:105:5)
    at async validateRequests (C:\Users\user\AppData\Roaming\nvm\v24.11.0\node_modules\@freshworks\fdk\lib\validations\manifest.js:537:9)
    at async validateManifest (C:\Users\user\AppData\Roaming\nvm\v24.11.0\node_modules\@freshworks\fdk\lib\validations\manifest.js:735:5)
    at async Promise.all (index 8)
    at async Object.run (C:\Users\user\AppData\Roaming\nvm\v24.11.0\node_modules\@freshworks\fdk\lib\cli\validate.js:36:25)
    at async Object.run (C:\Users\user\AppData\Roaming\nvm\v24.11.0\node_modules\@freshworks\fdk\lib\cli\run.js:229:32)
    at async Command.parseAsync (C:\Users\user\AppData\Roaming\nvm\v24.11.0\node_modules\@freshworks\fdk\node_modules\commander\lib\command.js:1092:5)
2026-07-29 15:50:54.223 +0530 [debug] (http.js) Failed to parse URL: https://<%= iparam.SWdomain %>, error: Invalid URL
2026-07-29 15:50:54.223 +0530 [debug] (request.js) Checking request template for multi-oauth app
2026-07-29 15:50:54.223 +0530 [debug] (http.js) Failed to parse URL: https://<%= iparam.SWdomain %>, error: Invalid URL
2026-07-29 15:50:54.223 +0530 [debug] (request.js) Checking request template for multi-oauth app
2026-07-29 15:50:54.245 +0530 [error] The local server could not be started due to the following issue(s):
2026-07-29 15:50:54.245 +0530 [error] Platform errors:
2026-07-29 15:50:54.245 +0530 [error] [31m✖[39m Request template 'login' schema must NOT have additional properties 'body' in config/requests.json.
2026-07-29 15:50:54.245 +0530 [error] [31m✖[39m Request template 'validateCredentials' schema must NOT have additional properties 'body' in config/requests.json.
2026-07-29 15:50:54.245 +0530 [error] [31m✖[39m C:\plenty-markets\app\modal.html Avoid using UNPKG CDN. We recommend using alternate CDN providers for better availability and reliability.
2026-07-29 15:50:54.245 +0530 [error] [31m✖[39m C:\plenty-markets\app\notesmodal.html Avoid using UNPKG CDN. We recommend using alternate CDN providers for better availability and reliability.
2026-07-29 15:50:54.246 +0530 [error] [31m✖[39m C:\plenty-markets\app\template.html Avoid using UNPKG CDN. We recommend using alternate CDN providers for better availability and reliability.
2026-07-29 15:50:54.246 +0530 [error] [31m✖[39m C:\plenty-markets\config\iparams.html Avoid using UNPKG CDN. We recommend using alternate CDN providers for better availability and reliability.
2026-07-29 15:50:54.246 +0530 [error] [31m✖[39m validation failed
2026-07-29 15:50:54.246 +0530 [error] [31m✖[39m validation failed
2026-07-29 15:50:54.246 +0530 [error] 
2026-07-29 15:50:54.246 +0530 [error] Lint errors:
2026-07-29 15:50:54.247 +0530 [error] [31m✖[39m app\app.js::1: Unexpected var, use let or const instead.
2026-07-29 15:50:54.247 +0530 [error] [31m✖[39m app\app.js::39: Unexpected var, use let or const instead.
2026-07-29 15:50:54.247 +0530 [error] [31m✖[39m app\app.js::50: Unexpected var, use let or const instead.
2026-07-29 15:50:54.247 +0530 [error] [31m✖[39m app\app.js::55: Unexpected var, use let or const instead.
2026-07-29 15:50:54.247 +0530 [error] [31m✖[39m app\app.js::72: Unexpected var, use let or const instead.
2026-07-29 15:50:54.247 +0530 [error] [31m✖[39m app\app.js::76: Unexpected var, use let or const instead.
2026-07-29 15:50:54.247 +0530 [error] [31m✖[39m app\app.js::80: Unexpected var, use let or const instead.
2026-07-29 15:50:54.247 +0530 [error] [31m✖[39m app\app.js::93: Unexpected var, use let or const instead.
2026-07-29 15:50:54.247 +0530 [error] [31m✖[39m app\app.js::113: Unexpected var, use let or const instead.
2026-07-29 15:50:54.247 +0530 [error] [31m✖[39m app\app.js::168: Unexpected var, use let or const instead.
2026-07-29 15:50:54.248 +0530 [error] [31m✖[39m app\app.js::184: Unexpected var, use let or const instead.
2026-07-29 15:50:54.248 +0530 [error] [31m✖[39m app\app.js::204: Unexpected var, use let or const instead.
2026-07-29 15:50:54.248 +0530 [error] [31m✖[39m app\app.js::270: 'searchOrderbyID' is defined but never used.
2026-07-29 15:50:54.248 +0530 [error] [31m✖[39m app\app.js::372: Unexpected var, use let or const instead.
2026-07-29 15:50:54.248 +0530 [error] [31m✖[39m app\app.js::378: Unexpected var, use let or const instead.
2026-07-29 15:50:54.248 +0530 [error] [31m✖[39m app\app.js::381: Unexpected var, use let or const instead.
2026-07-29 15:50:54.248 +0530 [error] [31m✖[39m app\app.js::475: Unexpected var, use let or const instead.
2026-07-29 15:50:54.248 +0530 [error] [31m✖[39m app\app.js::491: Unexpected var, use let or const instead.
2026-07-29 15:50:54.248 +0530 [error] [31m✖[39m app\app.js::520: Unexpected var, use let or const instead.
2026-07-29 15:50:54.248 +0530 [error] [31m✖[39m app\app.js::521: Unexpected var, use let or const instead.
2026-07-29 15:50:54.249 +0530 [error] [31m✖[39m app\app.js::526: Unexpected var, use let or const instead.
2026-07-29 15:50:54.249 +0530 [error] [31m✖[39m app\app.js::580: Unexpected var, use let or const instead.
2026-07-29 15:50:54.249 +0530 [error] [31m✖[39m app\app.js::581: Unexpected var, use let or const instead.
2026-07-29 15:50:54.250 +0530 [error] [31m✖[39m app\app.js::584: Unexpected var, use let or const instead.
2026-07-29 15:50:54.251 +0530 [error] [31m✖[39m app\app.js::599: Unexpected var, use let or const instead.
2026-07-29 15:50:54.251 +0530 [error] [31m✖[39m app\app.js::758: Unexpected var, use let or const instead.
2026-07-29 15:50:54.251 +0530 [error] [31m✖[39m app\app.js::760: Unexpected var, use let or const instead.
2026-07-29 15:50:54.252 +0530 [error] [31m✖[39m app\app.js::804: Unexpected var, use let or const instead.
2026-07-29 15:50:54.252 +0530 [error] [31m✖[39m app\app.js::820: Unexpected var, use let or const instead.
2026-07-29 15:50:54.252 +0530 [error] [31m✖[39m app\app.js::820: 'span1' is already defined.
2026-07-29 15:50:54.252 +0530 [error] [31m✖[39m app\app.js::835: Unexpected var, use let or const instead.
2026-07-29 15:50:54.252 +0530 [error] [31m✖[39m app\app.js::835: 'span1' is already defined.
2026-07-29 15:50:54.252 +0530 [error] [31m✖[39m app\app.js::854: Unexpected var, use let or const instead.
2026-07-29 15:50:54.253 +0530 [error] [31m✖[39m app\app.js::855: Unexpected var, use let or const instead.
2026-07-29 15:50:54.253 +0530 [error] [31m✖[39m app\app.js::863: Unexpected var, use let or const instead.
2026-07-29 15:50:54.253 +0530 [error] [31m✖[39m app\app.js::961: Use '===' to compare with null.
2026-07-29 15:50:54.253 +0530 [error] [31m✖[39m app\app.js::1042: Unexpected var, use let or const instead.
2026-07-29 15:50:54.253 +0530 [error] [31m✖[39m app\app.js::1043: Unexpected var, use let or const instead.
2026-07-29 15:50:54.253 +0530 [error] [31m✖[39m app\js\index.js::5: Unexpected var, use let or const instead.
2026-07-29 15:50:54.253 +0530 [error] [31m✖[39m app\js\index.js::6: Unexpected var, use let or const instead.
2026-07-29 15:50:54.253 +0530 [error] [31m✖[39m app\js\index.js::10: Unexpected var, use let or const instead.
2026-07-29 15:50:54.253 +0530 [error] [31m✖[39m app\js\index.js::18: Unexpected var, use let or const instead.
2026-07-29 15:50:54.253 +0530 [error] [31m✖[39m app\js\index.js::21: Unexpected var, use let or const instead.
2026-07-29 15:50:54.253 +0530 [error] [31m✖[39m app\js\index.js::22: Unexpected var, use let or const instead.
2026-07-29 15:50:54.253 +0530 [error] [31m✖[39m app\js\index.js::23: Unexpected var, use let or const instead.
2026-07-29 15:50:54.253 +0530 [error] [31m✖[39m app\js\index.js::24: Unexpected var, use let or const instead.
2026-07-29 15:50:54.253 +0530 [error] 
2026-07-29 15:50:54.254 +0530 [warn] Please ensure that the following are addressed for quick review process:
2026-07-29 15:50:54.254 +0530 [warn] [33m⚠[39m app\app.js::56: 'authToken' declared and assigned in different scopes. Possible asynchronous race condition.
2026-07-29 15:50:54.254 +0530 [warn] [33m⚠[39m app\app.js::78: 'authToken' declared and assigned in different scopes. Possible asynchronous race condition.
2026-07-29 15:50:54.254 +0530 [warn] [33m⚠[39m app\app.js::114: Expected '!==' and instead saw '!='.
2026-07-29 15:50:54.254 +0530 [warn] [33m⚠[39m app\app.js::132: 'order_p' is never reassigned. Use 'const' instead.
2026-07-29 15:50:54.254 +0530 [warn] [33m⚠[39m app\app.js::134: Expected '!==' and instead saw '!='.
2026-07-29 15:50:54.254 +0530 [warn] [33m⚠[39m app\app.js::140: 'item_p' is never reassigned. Use 'const' instead.
2026-07-29 15:50:54.255 +0530 [warn] [33m⚠[39m app\app.js::142: Expected '!==' and instead saw '!='.
2026-07-29 15:50:54.255 +0530 [warn] [33m⚠[39m app\app.js::162: 'store_div' is never reassigned. Use 'const' instead.
2026-07-29 15:50:54.255 +0530 [warn] [33m⚠[39m app\app.js::205: Expected '===' and instead saw '=='.
2026-07-29 15:50:54.256 +0530 [warn] [33m⚠[39m app\app.js::230: 'orderNumber' declared and assigned in different scopes. Possible asynchronous race condition.
2026-07-29 15:50:54.257 +0530 [warn] [33m⚠[39m app\app.js::245: 'resp' is never reassigned. Use 'const' instead.
2026-07-29 15:50:54.257 +0530 [warn] [33m⚠[39m app\app.js::246: Expected '!==' and instead saw '!='.
2026-07-29 15:50:54.257 +0530 [warn] [33m⚠[39m app\app.js::272: 'orderNumber' declared and assigned in different scopes. Possible asynchronous race condition.
2026-07-29 15:50:54.257 +0530 [warn] [33m⚠[39m app\app.js::286: Expected '===' and instead saw '=='.
2026-07-29 15:50:54.257 +0530 [warn] [33m⚠[39m app\app.js::297: 'resp' is never reassigned. Use 'const' instead.
2026-07-29 15:50:54.257 +0530 [warn] [33m⚠[39m app\app.js::300: Expected '!==' and instead saw '!='.
2026-07-29 15:50:54.257 +0530 [warn] [33m⚠[39m app\app.js::344: Expected '===' and instead saw '=='.
2026-07-29 15:50:54.257 +0530 [warn] [33m⚠[39m app\app.js::386: Expected '===' and instead saw '=='.
2026-07-29 15:50:54.257 +0530 [warn] [33m⚠[39m app\app.js::398: Expected '!==' and instead saw '!='.
2026-07-29 15:50:54.257 +0530 [warn] [33m⚠[39m app\app.js::413: 'item_card' is never reassigned. Use 'const' instead.
2026-07-29 15:50:54.258 +0530 [warn] [33m⚠[39m app\app.js::424: 'stock_orders_id' is never reassigned. Use 'const' instead.
2026-07-29 15:50:54.258 +0530 [warn] [33m⚠[39m app\app.js::453: 'sw_store' is never reassigned. Use 'const' instead.
2026-07-29 15:50:54.258 +0530 [warn] [33m⚠[39m app\app.js::473: 'more_order_det' is never reassigned. Use 'const' instead.
2026-07-29 15:50:54.259 +0530 [warn] [33m⚠[39m app\app.js::477: 'order_prop' is never reassigned. Use 'const' instead.
2026-07-29 15:50:54.259 +0530 [warn] [33m⚠[39m app\app.js::479: Expected '!==' and instead saw '!='.
2026-07-29 15:50:54.259 +0530 [warn] [33m⚠[39m app\app.js::487: 'parentdiv' is never reassigned. Use 'const' instead.
2026-07-29 15:50:54.259 +0530 [warn] [33m⚠[39m app\app.js::496: Expected '===' and instead saw '=='.
2026-07-29 15:50:54.259 +0530 [warn] [33m⚠[39m app\app.js::500: Expected '===' and instead saw '=='.
2026-07-29 15:50:54.259 +0530 [warn] [33m⚠[39m app\app.js::508: 'itemattr' is never reassigned. Use 'const' instead.
2026-07-29 15:50:54.259 +0530 [warn] [33m⚠[39m app\app.js::518: Function 'bindItemAttrValue' has a complexity of 13. Maximum allowed is 7.
2026-07-29 15:50:54.259 +0530 [warn] [33m⚠[39m app\app.js::522: 'parentdiv' is never reassigned. Use 'const' instead.
2026-07-29 15:50:54.259 +0530 [warn] [33m⚠[39m app\app.js::542: Expected '===' and instead saw '=='.
2026-07-29 15:50:54.259 +0530 [warn] [33m⚠[39m app\app.js::545: Expected '===' and instead saw '=='.
2026-07-29 15:50:54.259 +0530 [warn] [33m⚠[39m app\app.js::554: Expected '===' and instead saw '=='.
2026-07-29 15:50:54.259 +0530 [warn] [33m⚠[39m app\app.js::557: Expected '===' and instead saw '=='.
2026-07-29 15:50:54.259 +0530 [warn] [33m⚠[39m app\app.js::574: 'item_card' is never reassigned. Use 'const' instead.
2026-07-29 15:50:54.260 +0530 [warn] [33m⚠[39m app\app.js::579: 'itemCardElement' is never reassigned. Use 'const' instead.
2026-07-29 15:50:54.260 +0530 [warn] [33m⚠[39m app\app.js::590: 'spinner' is never reassigned. Use 'const' instead.
2026-07-29 15:50:54.260 +0530 [warn] [33m⚠[39m app\app.js::639: Function 'elementCreate' has a complexity of 10. Maximum allowed is 7.
2026-07-29 15:50:54.260 +0530 [warn] [33m⚠[39m app\app.js::640: 'el_obj' is never reassigned. Use 'const' instead.
2026-07-29 15:50:54.260 +0530 [warn] [33m⚠[39m app\app.js::659: 'table' is never reassigned. Use 'const' instead.
2026-07-29 15:50:54.260 +0530 [warn] [33m⚠[39m app\app.js::659: 'parentdiv' is never reassigned. Use 'const' instead.
2026-07-29 15:50:54.260 +0530 [warn] [33m⚠[39m app\app.js::670: 'table11' is never reassigned. Use 'const' instead.
2026-07-29 15:50:54.260 +0530 [warn] [33m⚠[39m app\app.js::672: 'tr11' is never reassigned. Use 'const' instead.
2026-07-29 15:50:54.260 +0530 [warn] [33m⚠[39m app\app.js::674: 'td12' is never reassigned. Use 'const' instead.
2026-07-29 15:50:54.260 +0530 [warn] [33m⚠[39m app\app.js::675: 'table1' is never reassigned. Use 'const' instead.
2026-07-29 15:50:54.261 +0530 [warn] [33m⚠[39m app\app.js::676: 'tr1' is never reassigned. Use 'const' instead.
2026-07-29 15:50:54.261 +0530 [warn] [33m⚠[39m app\app.js::677: 'td1' is never reassigned. Use 'const' instead.
2026-07-29 15:50:54.261 +0530 [warn] [33m⚠[39m app\app.js::680: 'tr2' is never reassigned. Use 'const' instead.
2026-07-29 15:50:54.261 +0530 [warn] [33m⚠[39m app\app.js::681: 'td2' is never reassigned. Use 'const' instead.
2026-07-29 15:50:54.261 +0530 [warn] [33m⚠[39m app\app.js::684: 'tr44' is never reassigned. Use 'const' instead.
2026-07-29 15:50:54.261 +0530 [warn] [33m⚠[39m app\app.js::685: 'td44' is never reassigned. Use 'const' instead.
2026-07-29 15:50:54.261 +0530 [warn] [33m⚠[39m app\app.js::709: 'item_card_attr' is never reassigned. Use 'const' instead.
2026-07-29 15:50:54.261 +0530 [warn] [33m⚠[39m app\app.js::736: Function has a complexity of 9. Maximum allowed is 7.
2026-07-29 15:50:54.261 +0530 [warn] [33m⚠[39m app\app.js::759: Expected '!==' and instead saw '!='.
2026-07-29 15:50:54.261 +0530 [warn] [33m⚠[39m app\app.js::790: Expected '===' and instead saw '=='.
2026-07-29 15:50:54.261 +0530 [warn] [33m⚠[39m app\app.js::790: Expected '===' and instead saw '=='.
2026-07-29 15:50:54.261 +0530 [warn] [33m⚠[39m app\app.js::799: Expected '===' and instead saw '=='.
2026-07-29 15:50:54.261 +0530 [warn] [33m⚠[39m app\app.js::799: Expected '===' and instead saw '=='.
2026-07-29 15:50:54.261 +0530 [warn] [33m⚠[39m app\app.js::815: Expected '===' and instead saw '=='.
2026-07-29 15:50:54.261 +0530 [warn] [33m⚠[39m app\app.js::815: Expected '===' and instead saw '=='.
2026-07-29 15:50:54.261 +0530 [warn] [33m⚠[39m app\app.js::852: Function 'itemCardAttr' has a complexity of 9. Maximum allowed is 7.
2026-07-29 15:50:54.261 +0530 [warn] [33m⚠[39m app\app.js::857: 'parentdiv' is never reassigned. Use 'const' instead.
2026-07-29 15:50:54.261 +0530 [warn] [33m⚠[39m app\app.js::859: 'item_prop' is never reassigned. Use 'const' instead.
2026-07-29 15:50:54.261 +0530 [warn] [33m⚠[39m app\app.js::861: 'table' is never reassigned. Use 'const' instead.
2026-07-29 15:50:54.262 +0530 [warn] [33m⚠[39m app\app.js::868: 'val_attr' is never reassigned. Use 'const' instead.
2026-07-29 15:50:54.262 +0530 [warn] [33m⚠[39m app\app.js::869: 'ship_meth' is never reassigned. Use 'const' instead.
2026-07-29 15:50:54.262 +0530 [warn] [33m⚠[39m app\app.js::870: 'pay_attr' is never reassigned. Use 'const' instead.
2026-07-29 15:50:54.262 +0530 [warn] [33m⚠[39m app\app.js::880: Expected '===' and instead saw '=='.
2026-07-29 15:50:54.264 +0530 [warn] [33m⚠[39m app\app.js::884: Expected '===' and instead saw '=='.
2026-07-29 15:50:54.272 +0530 [warn] [33m⚠[39m app\app.js::888: Expected '===' and instead saw '=='.
2026-07-29 15:50:54.272 +0530 [warn] [33m⚠[39m app\app.js::910: 'stock_orders_id' is never reassigned. Use 'const' instead.
2026-07-29 15:50:54.272 +0530 [warn] [33m⚠[39m app\app.js::911: 'table' is never reassigned. Use 'const' instead.
2026-07-29 15:50:54.272 +0530 [warn] [33m⚠[39m app\app.js::918: 'tr' is never reassigned. Use 'const' instead.
2026-07-29 15:50:54.272 +0530 [warn] [33m⚠[39m app\app.js::918: 'td' is never reassigned. Use 'const' instead.
2026-07-29 15:50:54.272 +0530 [warn] [33m⚠[39m app\app.js::921: 'table11' is never reassigned. Use 'const' instead.
2026-07-29 15:50:54.272 +0530 [warn] [33m⚠[39m app\app.js::923: 'tr11' is never reassigned. Use 'const' instead.
2026-07-29 15:50:54.273 +0530 [warn] [33m⚠[39m app\app.js::925: 'td12' is never reassigned. Use 'const' instead.
2026-07-29 15:50:54.273 +0530 [warn] [33m⚠[39m app\app.js::926: 'table1' is never reassigned. Use 'const' instead.
2026-07-29 15:50:54.273 +0530 [warn] [33m⚠[39m app\app.js::927: 'tr1_' is never reassigned. Use 'const' instead.
2026-07-29 15:50:54.273 +0530 [warn] [33m⚠[39m app\app.js::928: 'td1_' is never reassigned. Use 'const' instead.
2026-07-29 15:50:54.274 +0530 [warn] [33m⚠[39m app\app.js::930: 'b1_' is never reassigned. Use 'const' instead.
2026-07-29 15:50:54.274 +0530 [warn] [33m⚠[39m app\app.js::935: 'tr1' is never reassigned. Use 'const' instead.
2026-07-29 15:50:54.274 +0530 [warn] [33m⚠[39m app\app.js::936: 'td1' is never reassigned. Use 'const' instead.
2026-07-29 15:50:54.274 +0530 [warn] [33m⚠[39m app\app.js::938: 'b9_' is never reassigned. Use 'const' instead.
2026-07-29 15:50:54.274 +0530 [warn] [33m⚠[39m app\app.js::943: 'tr2' is never reassigned. Use 'const' instead.
2026-07-29 15:50:54.275 +0530 [warn] [33m⚠[39m app\app.js::944: 'td2' is never reassigned. Use 'const' instead.
2026-07-29 15:50:54.275 +0530 [warn] [33m⚠[39m app\app.js::946: 'b2_' is never reassigned. Use 'const' instead.
2026-07-29 15:50:54.275 +0530 [warn] [33m⚠[39m app\app.js::951: 'tr44' is never reassigned. Use 'const' instead.
2026-07-29 15:50:54.275 +0530 [warn] [33m⚠[39m app\app.js::952: 'td44' is never reassigned. Use 'const' instead.
2026-07-29 15:50:54.275 +0530 [warn] [33m⚠[39m app\app.js::954: 'b3_' is never reassigned. Use 'const' instead.
2026-07-29 15:50:54.275 +0530 [warn] [33m⚠[39m app\app.js::961: Expected '!==' and instead saw '!='.
2026-07-29 15:50:54.275 +0530 [warn] [33m⚠[39m app\app.js::962: 'tr45' is never reassigned. Use 'const' instead.
2026-07-29 15:50:54.275 +0530 [warn] [33m⚠[39m app\app.js::963: 'td45' is never reassigned. Use 'const' instead.
2026-07-29 15:50:54.275 +0530 [warn] [33m⚠[39m app\app.js::965: 'b4_' is never reassigned. Use 'const' instead.
2026-07-29 15:50:54.275 +0530 [warn] [33m⚠[39m app\app.js::972: 'tr49' is never reassigned. Use 'const' instead.
2026-07-29 15:50:54.275 +0530 [warn] [33m⚠[39m app\app.js::973: 'td49' is never reassigned. Use 'const' instead.
2026-07-29 15:50:54.275 +0530 [warn] [33m⚠[39m app\app.js::975: 'b5_' is never reassigned. Use 'const' instead.
2026-07-29 15:50:54.275 +0530 [warn] [33m⚠[39m app\app.js::983: 'tr45' is never reassigned. Use 'const' instead.
2026-07-29 15:50:54.275 +0530 [warn] [33m⚠[39m app\app.js::984: 'td45' is never reassigned. Use 'const' instead.
2026-07-29 15:50:54.275 +0530 [warn] [33m⚠[39m app\app.js::989: 'tr49' is never reassigned. Use 'const' instead.
2026-07-29 15:50:54.275 +0530 [warn] [33m⚠[39m app\app.js::990: 'td49' is never reassigned. Use 'const' instead.
2026-07-29 15:50:54.276 +0530 [warn] [33m⚠[39m app\app.js::996: 'tr46' is never reassigned. Use 'const' instead.
2026-07-29 15:50:54.276 +0530 [warn] [33m⚠[39m app\app.js::997: 'td46' is never reassigned. Use 'const' instead.
2026-07-29 15:50:54.276 +0530 [warn] [33m⚠[39m app\app.js::999: 'b6_' is never reassigned. Use 'const' instead.
2026-07-29 15:50:54.277 +0530 [warn] [33m⚠[39m app\app.js::1006: 'tr47' is never reassigned. Use 'const' instead.
2026-07-29 15:50:54.277 +0530 [warn] [33m⚠[39m app\app.js::1007: 'td47' is never reassigned. Use 'const' instead.
2026-07-29 15:50:54.277 +0530 [warn] [33m⚠[39m app\app.js::1009: 'b7_' is never reassigned. Use 'const' instead.
2026-07-29 15:50:54.277 +0530 [warn] [33m⚠[39m app\app.js::1016: 'tr48' is never reassigned. Use 'const' instead.
2026-07-29 15:50:54.277 +0530 [warn] [33m⚠[39m app\app.js::1017: 'td48' is never reassigned. Use 'const' instead.
2026-07-29 15:50:54.278 +0530 [warn] [33m⚠[39m app\app.js::1019: 'b8_' is never reassigned. Use 'const' instead.
2026-07-29 15:50:54.278 +0530 [warn] 
2026-07-29 15:50:54.351 +0530 [debug] (report.js) Generating hash for report.json file
2026-07-29 16:21:51.184 +0530 [debug] (configs.js) loaded default configs as "{"updates":{"manifest_url":"https://cdn.freshdev.io/assets/fdk/updates.json","changelog_url":"https://cdn.freshdev.io/assets/fdk/change-log.json","period":24},"log":{"level":"info"},"javascript":{"ecma_version":2020},"request":{"timeout":15000,"maxFilesPerRequest":5},"global_apps":{"enabled":true},"easel":{"enabled":false},"job":{"timeout":120000},"av_scan":{"status":"SAFE"}}"
2026-07-29 16:21:51.185 +0530 [debug] (configs.js) loaded global configs as "{"global_apps":{"enabled":"true"},"request":{"timeout":15000},"job":{"timeout":120000}}"
2026-07-29 16:21:51.186 +0530 [debug] (configs.js) loaded local configs as "{"request":{"timeout":15000},"job":{"timeout":120000},"global_apps":{"enabled":"true"}}"
2026-07-29 16:21:51.186 +0530 [debug] (configs.js) loaded env configs as "{"updates":{},"log":{},"javascript":{},"request":{"timeout":15000,"maxFilesPerRequest":5},"job":{"timeout":120000},"av_scan":{"status":"SAFE"}}"
2026-07-29 16:21:51.186 +0530 [debug] (configs.js) loaded resolved configs as "{"updates":{"manifest_url":"https://cdn.freshdev.io/assets/fdk/updates.json","changelog_url":"https://cdn.freshdev.io/assets/fdk/change-log.json","period":24},"log":{"level":"info"},"javascript":{"ecma_version":2020},"request":{"timeout":15000,"maxFilesPerRequest":5},"global_apps":{"enabled":"true"},"easel":{"enabled":false},"job":{"timeout":120000},"av_scan":{"status":"SAFE"}}"
2026-07-29 16:21:51.186 +0530 [debug] (logger.js) Starting FDK in node v24.11.0 on win32
2026-07-29 16:21:51.186 +0530 [debug] (sequelize.js) setting up sqilite at "C:\plenty-markets/.fdk/store.sqlite"
2026-07-29 16:21:51.186 +0530 [debug] (data.js) Read {"version_details":{"cli":{"deprecated":{"version":"<9","message":"This FDK version has been deprecated. There will be no further feature updates to this version. For a seamless app-building experience, ensure to move to the latest FDK version. For more information, see https://developers.freshworks.com/docs/app-sdk/v2.3/freshdesk/migration-guide/#migrate-to-the-latest-platform-version."},"forced":{"version":"7.0.0","command":"npm install https://dl.freshdev.io/cli/fdk-7.0.0.tgz -g","message":"Your FDK version has been forced updated to v7.0.0, please visit https://community.developers.freshworks.com/t/fdk-v7-0-announcing-node-js-v12-and-es6-support/3606 to know more"},"latest":{"version":"10.1.8","command":"npm install https://cdn.freshdev.io/fdk/latest-v24.tgz -g","message":"You are on the latest FDK version. For information on the features available as part of this FDK version, see https://developers.freshworks.com/docs/?tab=modules."}},"addon":{"version":"2.2.9","url":"https://cdn.freshdev.io/assets/fdk/addons/addon.zip"}},"last_updated":{"time_stamp":1785320337121}}
2026-07-29 16:21:51.186 +0530 [debug] (updater.js) last check less than 24 hours ago, not looking for updates
2026-07-29 16:21:51.191 +0530 [debug] (index.js) running with opts {}
2026-07-29 16:21:56.907 +0530 [debug] (data.js) Read {"version_details":{"cli":{"deprecated":{"version":"<9","message":"This FDK version has been deprecated. There will be no further feature updates to this version. For a seamless app-building experience, ensure to move to the latest FDK version. For more information, see https://developers.freshworks.com/docs/app-sdk/v2.3/freshdesk/migration-guide/#migrate-to-the-latest-platform-version."},"forced":{"version":"7.0.0","command":"npm install https://dl.freshdev.io/cli/fdk-7.0.0.tgz -g","message":"Your FDK version has been forced updated to v7.0.0, please visit https://community.developers.freshworks.com/t/fdk-v7-0-announcing-node-js-v12-and-es6-support/3606 to know more"},"latest":{"version":"10.1.8","command":"npm install https://cdn.freshdev.io/fdk/latest-v24.tgz -g","message":"You are on the latest FDK version. For information on the features available as part of this FDK version, see https://developers.freshworks.com/docs/?tab=modules."}},"addon":{"version":"2.2.9","url":"https://cdn.freshdev.io/assets/fdk/addons/addon.zip"}},"last_updated":{"time_stamp":1785320337121}}
2026-07-29 16:21:56.981 +0530 [debug] (manifest.js) Reloading manifest with {"platform-version":"3.0","modules":{"common":{"requests":{"login":{},"validateCredentials":{},"getWorkitem":{},"getOrderNumberItems":{}}},"support_ticket":{"location":{"ticket_sidebar":{"url":"template.html","icon":"icon.svg"}}}},"engines":{"node":"24.11.0","fdk":"10.1.8"}}.
2026-07-29 16:21:56.982 +0530 [debug] (manifest.js) Inferred db as features.
2026-07-29 16:21:59.562 +0530 [debug] (data.js) Read {"version_details":{"cli":{"deprecated":{"version":"<9","message":"This FDK version has been deprecated. There will be no further feature updates to this version. For a seamless app-building experience, ensure to move to the latest FDK version. For more information, see https://developers.freshworks.com/docs/app-sdk/v2.3/freshdesk/migration-guide/#migrate-to-the-latest-platform-version."},"forced":{"version":"7.0.0","command":"npm install https://dl.freshdev.io/cli/fdk-7.0.0.tgz -g","message":"Your FDK version has been forced updated to v7.0.0, please visit https://community.developers.freshworks.com/t/fdk-v7-0-announcing-node-js-v12-and-es6-support/3606 to know more"},"latest":{"version":"10.1.8","command":"npm install https://cdn.freshdev.io/fdk/latest-v24.tgz -g","message":"You are on the latest FDK version. For information on the features available as part of this FDK version, see https://developers.freshworks.com/docs/?tab=modules."}},"addon":{"version":"2.2.9","url":"https://cdn.freshdev.io/assets/fdk/addons/addon.zip"}},"last_updated":{"time_stamp":1785320337121}}
2026-07-29 16:22:09.816 +0530 [debug] (coverage.js) INIT: About to merge initial coverage data with 0 files
2026-07-29 16:22:09.817 +0530 [debug] (coverage.js) INIT: After merge - Files in map: 0
2026-07-29 16:22:11.917 +0530 [debug] (index.js) Initializing AJV schemas from individual files
2026-07-29 16:22:11.917 +0530 [debug] (index.js) Compiling schemas...
2026-07-29 16:22:11.930 +0530 [debug] (index.js) All schemas compiled successfully
2026-07-29 16:22:11.998 +0530 [debug] (index.js) loading model at "C:\Users\user\AppData\Roaming\nvm\v24.11.0\node_modules\@freshworks\fdk\lib\models\bigint-pivot.js"
2026-07-29 16:22:11.999 +0530 [debug] (index.js) loading model at "C:\Users\user\AppData\Roaming\nvm\v24.11.0\node_modules\@freshworks\fdk\lib\models\entity-field-choice.js"
2026-07-29 16:22:11.999 +0530 [debug] (index.js) loading model at "C:\Users\user\AppData\Roaming\nvm\v24.11.0\node_modules\@freshworks\fdk\lib\models\entity-field.js"
2026-07-29 16:22:12.000 +0530 [debug] (index.js) loading model at "C:\Users\user\AppData\Roaming\nvm\v24.11.0\node_modules\@freshworks\fdk\lib\models\entity.js"
2026-07-29 16:22:12.000 +0530 [debug] (index.js) loading model at "C:\Users\user\AppData\Roaming\nvm\v24.11.0\node_modules\@freshworks\fdk\lib\models\files.js"
2026-07-29 16:22:12.001 +0530 [debug] (index.js) loading model at "C:\Users\user\AppData\Roaming\nvm\v24.11.0\node_modules\@freshworks\fdk\lib\models\oauth-details.js"
2026-07-29 16:22:12.001 +0530 [debug] (index.js) loading model at "C:\Users\user\AppData\Roaming\nvm\v24.11.0\node_modules\@freshworks\fdk\lib\models\record.js"
2026-07-29 16:22:12.003 +0530 [debug] (index.js) loading model at "C:\Users\user\AppData\Roaming\nvm\v24.11.0\node_modules\@freshworks\fdk\lib\models\string-pivot.js"
2026-07-29 16:22:12.061 +0530 [debug] (index.js) 'schema: ' [object Object]
2026-07-29 16:22:12.066 +0530 [debug] (index.js) 'schema: ' [object Object]
2026-07-29 16:22:12.067 +0530 [debug] (index.js) 'schema: ' [object Object]
2026-07-29 16:22:12.067 +0530 [debug] (index.js) 'schema: ' [object Object]
2026-07-29 16:22:12.069 +0530 [debug] (index.js) 'schema: ' [object Object]
2026-07-29 16:22:12.070 +0530 [debug] (index.js) 'schema: ' [object Object]
2026-07-29 16:22:12.071 +0530 [debug] (index.js) 'schema: ' [object Object]
2026-07-29 16:22:12.076 +0530 [debug] (index.js) 'schema: ' [object Object]
2026-07-29 16:22:12.077 +0530 [debug] (index.js) 'schema: ' [object Object]
2026-07-29 16:22:12.077 +0530 [debug] (index.js) 'schema: ' [object Object]
2026-07-29 16:22:12.081 +0530 [debug] (index.js) 'schema: ' [object Object]
2026-07-29 16:22:12.082 +0530 [debug] (index.js) 'schema: ' [object Object]
2026-07-29 16:22:12.084 +0530 [debug] (index.js) 'schema: ' [object Object]
2026-07-29 16:22:12.085 +0530 [debug] (index.js) 'schema: ' [object Object]
2026-07-29 16:22:12.085 +0530 [debug] (index.js) 'schema: ' [object Object]
2026-07-29 16:22:12.087 +0530 [debug] (index.js) 'schema: ' [object Object]
2026-07-29 16:22:12.088 +0530 [debug] (index.js) 'schema: ' [object Object]
2026-07-29 16:22:12.100 +0530 [debug] (index.js) 'schema: ' [object Object]
2026-07-29 16:22:12.257 +0530 [debug] (data.js) Read {"version_details":{"cli":{"deprecated":{"version":"<9","message":"This FDK version has been deprecated. There will be no further feature updates to this version. For a seamless app-building experience, ensure to move to the latest FDK version. For more information, see https://developers.freshworks.com/docs/app-sdk/v2.3/freshdesk/migration-guide/#migrate-to-the-latest-platform-version."},"forced":{"version":"7.0.0","command":"npm install https://dl.freshdev.io/cli/fdk-7.0.0.tgz -g","message":"Your FDK version has been forced updated to v7.0.0, please visit https://community.developers.freshworks.com/t/fdk-v7-0-announcing-node-js-v12-and-es6-support/3606 to know more"},"latest":{"version":"10.1.8","command":"npm install https://cdn.freshdev.io/fdk/latest-v24.tgz -g","message":"You are on the latest FDK version. For information on the features available as part of this FDK version, see https://developers.freshworks.com/docs/?tab=modules."}},"addon":{"version":"2.2.9","url":"https://cdn.freshdev.io/assets/fdk/addons/addon.zip"}},"last_updated":{"time_stamp":1785320337121}}
2026-07-29 16:22:12.868 +0530 [debug] (validate.js) asked to skip the following validations, 
2026-07-29 16:22:12.868 +0530 [debug] (validate.js) running validator actions
2026-07-29 16:22:12.868 +0530 [debug] (validate.js) running validator requests
2026-07-29 16:22:12.868 +0530 [debug] (requests.js) validating request template for "login"
2026-07-29 16:22:12.869 +0530 [debug] (validate.js) running validator app-dir
2026-07-29 16:22:12.869 +0530 [debug] (validate.js) running validator config-dir
2026-07-29 16:22:12.869 +0530 [debug] (config-dir.js) Checking to see if C:\plenty-markets/config/ exists.
2026-07-29 16:22:12.869 +0530 [debug] (config-dir.js) Fetched the following config files iparams.html,requests.json
2026-07-29 16:22:12.869 +0530 [debug] (validate.js) running validator custom-objects
2026-07-29 16:22:12.869 +0530 [debug] (validate.js) running validator event
2026-07-29 16:22:12.869 +0530 [debug] (validate.js) running validator iparam
2026-07-29 16:22:12.890 +0530 [debug] (validate.js) running validator lint
2026-07-29 16:22:12.890 +0530 [debug] (lint.js) passed fix flag: undefined
2026-07-29 16:22:12.897 +0530 [debug] (lint.js) Running the following lints on the file app\app.js : no-eval,no-alert,no-debugger,no-unreachable,no-duplicate-imports,constructor-super,for-direction,no-class-assign,no-new-native-nonconstructor,valid-typeof,no-eq-null,no-var,require-await,no-unreachable-loop,no-redeclare,no-self-assign,no-setter-return,no-shadow-restricted-names,no-this-before-super,no-unsafe-finally,no-unsafe-optional-chaining,no-unused-vars,no-useless-catch,eqeqeq,prefer-const,require-yield,no-global-assign,no-caller,no-process-env,complexity,max-nested-callbacks,handle-callback-err,getter-return,no-async-promise-executor,no-case-declarations,no-compare-neg-zero,no-cond-assign,no-const-assign,no-constant-condition,no-control-regex,no-delete-var,no-dupe-args,no-dupe-class-members,no-dupe-else-if,no-dupe-keys,no-duplicate-case,no-empty,no-empty-character-class,no-empty-pattern,no-ex-assign,no-extra-boolean-cast,no-extra-semi,no-fallthrough,no-func-assign,no-import-assign,no-inner-declarations,no-invalid-regexp,no-irregular-whitespace,no-loss-of-precision,no-misleading-character-class,no-mixed-spaces-and-tabs,no-nonoctal-decimal-escape,no-obj-calls,no-octal,no-prototype-builtins,no-regex-spaces,no-sparse-arrays,no-unexpected-multiline,no-unsafe-negation,no-unused-labels,no-useless-backreference,no-useless-escape,no-with,use-isnan,no-unpkg-cdn,no-proxy-requests,no-unhandled-promise,no-logging-rejections,no-non-client-request-model,no-deprecated-apis,no-cross-scope-assign,no-empty-function
2026-07-29 16:22:13.012 +0530 [debug] (lint.js) Running the following lints on the file app\js\index.js : no-eval,no-alert,no-debugger,no-unreachable,no-duplicate-imports,constructor-super,for-direction,no-class-assign,no-new-native-nonconstructor,valid-typeof,no-eq-null,no-var,require-await,no-unreachable-loop,no-redeclare,no-self-assign,no-setter-return,no-shadow-restricted-names,no-this-before-super,no-unsafe-finally,no-unsafe-optional-chaining,no-unused-vars,no-useless-catch,eqeqeq,prefer-const,require-yield,no-global-assign,no-caller,no-process-env,complexity,max-nested-callbacks,handle-callback-err,getter-return,no-async-promise-executor,no-case-declarations,no-compare-neg-zero,no-cond-assign,no-const-assign,no-constant-condition,no-control-regex,no-delete-var,no-dupe-args,no-dupe-class-members,no-dupe-else-if,no-dupe-keys,no-duplicate-case,no-empty,no-empty-character-class,no-empty-pattern,no-ex-assign,no-extra-boolean-cast,no-extra-semi,no-fallthrough,no-func-assign,no-import-assign,no-inner-declarations,no-invalid-regexp,no-irregular-whitespace,no-loss-of-precision,no-misleading-character-class,no-mixed-spaces-and-tabs,no-nonoctal-decimal-escape,no-obj-calls,no-octal,no-prototype-builtins,no-regex-spaces,no-sparse-arrays,no-unexpected-multiline,no-unsafe-negation,no-unused-labels,no-useless-backreference,no-useless-escape,no-with,use-isnan,no-unpkg-cdn,no-proxy-requests,no-unhandled-promise,no-logging-rejections,no-non-client-request-model,no-deprecated-apis,no-cross-scope-assign,no-empty-function
2026-07-29 16:22:13.032 +0530 [debug] (validate.js) running validator manifest
2026-07-29 16:22:13.033 +0530 [debug] (validate.js) skipping validator manifest-dependency
2026-07-29 16:22:13.033 +0530 [debug] (validate.js) running validator manifest-scripts
2026-07-29 16:22:13.033 +0530 [debug] (validate.js) running validator oauth
2026-07-29 16:22:13.033 +0530 [debug] (validate.js) skipping validator pkgsize
2026-07-29 16:22:13.033 +0530 [debug] (validate.js) running validator schema
2026-07-29 16:22:13.033 +0530 [debug] (validate.js) running validator version-check
2026-07-29 16:22:13.035 +0530 [debug] (validate.js) running validator app-settings
2026-07-29 16:22:13.037 +0530 [debug] (http.js) Failed to parse URL: https://<%= iparam.SWdomain %>, error: Invalid URL
2026-07-29 16:22:13.038 +0530 [debug] (index.js) error where executing ajv validations Error: validation failed
    at validate26 (eval at compileSchema (C:\Users\user\AppData\Roaming\nvm\v24.11.0\node_modules\@freshworks\fdk\node_modules\ajv\dist\compile\index.js:89:30), <anonymous>:3:29531)
    at validate (C:\Users\user\AppData\Roaming\nvm\v24.11.0\node_modules\@freshworks\fdk\lib\utils\validator\index.js:57:11)
    at validateRequests (C:\Users\user\AppData\Roaming\nvm\v24.11.0\node_modules\@freshworks\fdk\lib\validations\requests.js:27:13)
    at process.processTicksAndRejections (node:internal/process/task_queues:105:5)
    at async Object.validate (C:\Users\user\AppData\Roaming\nvm\v24.11.0\node_modules\@freshworks\fdk\lib\validations\requests.js:60:10)
    at async Promise.all (index 1)
    at async Object.run (C:\Users\user\AppData\Roaming\nvm\v24.11.0\node_modules\@freshworks\fdk\lib\cli\validate.js:36:25)
    at async Object.run (C:\Users\user\AppData\Roaming\nvm\v24.11.0\node_modules\@freshworks\fdk\lib\cli\run.js:229:32)
    at async Command.parseAsync (C:\Users\user\AppData\Roaming\nvm\v24.11.0\node_modules\@freshworks\fdk\node_modules\commander\lib\command.js:1092:5)
2026-07-29 16:22:13.038 +0530 [debug] (requests.js) validating request template for "validateCredentials"
2026-07-29 16:22:13.042 +0530 [debug] (http.js) Failed to parse URL: https://<%= context.domain %>, error: Invalid URL
2026-07-29 16:22:13.042 +0530 [debug] (index.js) error where executing ajv validations Error: validation failed
    at validate26 (eval at compileSchema (C:\Users\user\AppData\Roaming\nvm\v24.11.0\node_modules\@freshworks\fdk\node_modules\ajv\dist\compile\index.js:89:30), <anonymous>:3:29531)
    at validate (C:\Users\user\AppData\Roaming\nvm\v24.11.0\node_modules\@freshworks\fdk\lib\utils\validator\index.js:57:11)
    at validateRequests (C:\Users\user\AppData\Roaming\nvm\v24.11.0\node_modules\@freshworks\fdk\lib\validations\requests.js:27:13)
    at process.processTicksAndRejections (node:internal/process/task_queues:105:5)
    at async Object.validate (C:\Users\user\AppData\Roaming\nvm\v24.11.0\node_modules\@freshworks\fdk\lib\validations\requests.js:60:10)
    at async Promise.all (index 1)
    at async Object.run (C:\Users\user\AppData\Roaming\nvm\v24.11.0\node_modules\@freshworks\fdk\lib\cli\validate.js:36:25)
    at async Object.run (C:\Users\user\AppData\Roaming\nvm\v24.11.0\node_modules\@freshworks\fdk\lib\cli\run.js:229:32)
    at async Command.parseAsync (C:\Users\user\AppData\Roaming\nvm\v24.11.0\node_modules\@freshworks\fdk\node_modules\commander\lib\command.js:1092:5)
2026-07-29 16:22:13.042 +0530 [debug] (requests.js) validating request template for "getWorkitem"
2026-07-29 16:22:13.042 +0530 [debug] (http.js) Failed to parse URL: https://<%= iparam.SWdomain %>, error: Invalid URL
2026-07-29 16:22:13.042 +0530 [debug] (http.js) Failed to parse URL: https://<%= iparam.SWdomain %>, error: Invalid URL
2026-07-29 16:22:13.042 +0530 [debug] (index.js) error where executing ajv validations Error: validation failed
    at validate26 (eval at compileSchema (C:\Users\user\AppData\Roaming\nvm\v24.11.0\node_modules\@freshworks\fdk\node_modules\ajv\dist\compile\index.js:89:30), <anonymous>:3:29531)
    at validate (C:\Users\user\AppData\Roaming\nvm\v24.11.0\node_modules\@freshworks\fdk\lib\utils\validator\index.js:57:11)
    at Object.get (C:\Users\user\AppData\Roaming\nvm\v24.11.0\node_modules\@freshworks\fdk\lib\actions\request.js:50:9)
    at process.processTicksAndRejections (node:internal/process/task_queues:105:5)
    at async validateRequests (C:\Users\user\AppData\Roaming\nvm\v24.11.0\node_modules\@freshworks\fdk\lib\validations\manifest.js:537:9)
    at async validateManifest (C:\Users\user\AppData\Roaming\nvm\v24.11.0\node_modules\@freshworks\fdk\lib\validations\manifest.js:735:5)
    at async Promise.all (index 8)
    at async Object.run (C:\Users\user\AppData\Roaming\nvm\v24.11.0\node_modules\@freshworks\fdk\lib\cli\validate.js:36:25)
    at async Object.run (C:\Users\user\AppData\Roaming\nvm\v24.11.0\node_modules\@freshworks\fdk\lib\cli\run.js:229:32)
    at async Command.parseAsync (C:\Users\user\AppData\Roaming\nvm\v24.11.0\node_modules\@freshworks\fdk\node_modules\commander\lib\command.js:1092:5)
2026-07-29 16:22:13.042 +0530 [debug] (requests.js) validating request template for "getOrderNumberItems"
2026-07-29 16:22:13.043 +0530 [debug] (http.js) Failed to parse URL: https://<%= iparam.SWdomain %>, error: Invalid URL
2026-07-29 16:22:13.043 +0530 [debug] (http.js) Failed to parse URL: https://<%= context.domain %>, error: Invalid URL
2026-07-29 16:22:13.043 +0530 [debug] (index.js) error where executing ajv validations Error: validation failed
    at validate26 (eval at compileSchema (C:\Users\user\AppData\Roaming\nvm\v24.11.0\node_modules\@freshworks\fdk\node_modules\ajv\dist\compile\index.js:89:30), <anonymous>:3:29531)
    at validate (C:\Users\user\AppData\Roaming\nvm\v24.11.0\node_modules\@freshworks\fdk\lib\utils\validator\index.js:57:11)
    at Object.get (C:\Users\user\AppData\Roaming\nvm\v24.11.0\node_modules\@freshworks\fdk\lib\actions\request.js:50:9)
    at process.processTicksAndRejections (node:internal/process/task_queues:105:5)
    at async validateRequests (C:\Users\user\AppData\Roaming\nvm\v24.11.0\node_modules\@freshworks\fdk\lib\validations\manifest.js:537:9)
    at async validateManifest (C:\Users\user\AppData\Roaming\nvm\v24.11.0\node_modules\@freshworks\fdk\lib\validations\manifest.js:735:5)
    at async Promise.all (index 8)
    at async Object.run (C:\Users\user\AppData\Roaming\nvm\v24.11.0\node_modules\@freshworks\fdk\lib\cli\validate.js:36:25)
    at async Object.run (C:\Users\user\AppData\Roaming\nvm\v24.11.0\node_modules\@freshworks\fdk\lib\cli\run.js:229:32)
    at async Command.parseAsync (C:\Users\user\AppData\Roaming\nvm\v24.11.0\node_modules\@freshworks\fdk\node_modules\commander\lib\command.js:1092:5)
2026-07-29 16:22:13.043 +0530 [debug] (http.js) Failed to parse URL: https://<%= iparam.SWdomain %>, error: Invalid URL
2026-07-29 16:22:13.043 +0530 [debug] (request.js) Checking request template for multi-oauth app
2026-07-29 16:22:13.043 +0530 [debug] (http.js) Failed to parse URL: https://<%= iparam.SWdomain %>, error: Invalid URL
2026-07-29 16:22:13.043 +0530 [debug] (request.js) Checking request template for multi-oauth app
2026-07-29 16:22:13.045 +0530 [error] The local server could not be started due to the following issue(s):
2026-07-29 16:22:13.045 +0530 [error] Platform errors:
2026-07-29 16:22:13.045 +0530 [error] [31m✖[39m Request template 'login' schema must NOT have additional properties 'body' in config/requests.json.
2026-07-29 16:22:13.045 +0530 [error] [31m✖[39m Request template 'validateCredentials' schema must NOT have additional properties 'body' in config/requests.json.
2026-07-29 16:22:13.046 +0530 [error] [31m✖[39m validation failed
2026-07-29 16:22:13.046 +0530 [error] [31m✖[39m validation failed
2026-07-29 16:22:13.046 +0530 [error] 
2026-07-29 16:22:13.046 +0530 [error] Lint errors:
2026-07-29 16:22:13.046 +0530 [error] [31m✖[39m app\app.js::1: Unexpected var, use let or const instead.
2026-07-29 16:22:13.046 +0530 [error] [31m✖[39m app\app.js::39: Unexpected var, use let or const instead.
2026-07-29 16:22:13.046 +0530 [error] [31m✖[39m app\app.js::50: Unexpected var, use let or const instead.
2026-07-29 16:22:13.046 +0530 [error] [31m✖[39m app\app.js::55: Unexpected var, use let or const instead.
2026-07-29 16:22:13.046 +0530 [error] [31m✖[39m app\app.js::72: Unexpected var, use let or const instead.
2026-07-29 16:22:13.047 +0530 [error] [31m✖[39m app\app.js::76: Unexpected var, use let or const instead.
2026-07-29 16:22:13.047 +0530 [error] [31m✖[39m app\app.js::80: Unexpected var, use let or const instead.
2026-07-29 16:22:13.047 +0530 [error] [31m✖[39m app\app.js::93: Unexpected var, use let or const instead.
2026-07-29 16:22:13.047 +0530 [error] [31m✖[39m app\app.js::113: Unexpected var, use let or const instead.
2026-07-29 16:22:13.047 +0530 [error] [31m✖[39m app\app.js::168: Unexpected var, use let or const instead.
2026-07-29 16:22:13.047 +0530 [error] [31m✖[39m app\app.js::184: Unexpected var, use let or const instead.
2026-07-29 16:22:13.047 +0530 [error] [31m✖[39m app\app.js::204: Unexpected var, use let or const instead.
2026-07-29 16:22:13.047 +0530 [error] [31m✖[39m app\app.js::270: 'searchOrderbyID' is defined but never used.
2026-07-29 16:22:13.047 +0530 [error] [31m✖[39m app\app.js::372: Unexpected var, use let or const instead.
2026-07-29 16:22:13.047 +0530 [error] [31m✖[39m app\app.js::378: Unexpected var, use let or const instead.
2026-07-29 16:22:13.048 +0530 [error] [31m✖[39m app\app.js::381: Unexpected var, use let or const instead.
2026-07-29 16:22:13.048 +0530 [error] [31m✖[39m app\app.js::475: Unexpected var, use let or const instead.
2026-07-29 16:22:13.048 +0530 [error] [31m✖[39m app\app.js::491: Unexpected var, use let or const instead.
2026-07-29 16:22:13.048 +0530 [error] [31m✖[39m app\app.js::520: Unexpected var, use let or const instead.
2026-07-29 16:22:13.048 +0530 [error] [31m✖[39m app\app.js::521: Unexpected var, use let or const instead.
2026-07-29 16:22:13.048 +0530 [error] [31m✖[39m app\app.js::526: Unexpected var, use let or const instead.
2026-07-29 16:22:13.048 +0530 [error] [31m✖[39m app\app.js::580: Unexpected var, use let or const instead.
2026-07-29 16:22:13.048 +0530 [error] [31m✖[39m app\app.js::581: Unexpected var, use let or const instead.
2026-07-29 16:22:13.048 +0530 [error] [31m✖[39m app\app.js::584: Unexpected var, use let or const instead.
2026-07-29 16:22:13.048 +0530 [error] [31m✖[39m app\app.js::599: Unexpected var, use let or const instead.
2026-07-29 16:22:13.048 +0530 [error] [31m✖[39m app\app.js::758: Unexpected var, use let or const instead.
2026-07-29 16:22:13.048 +0530 [error] [31m✖[39m app\app.js::760: Unexpected var, use let or const instead.
2026-07-29 16:22:13.048 +0530 [error] [31m✖[39m app\app.js::804: Unexpected var, use let or const instead.
2026-07-29 16:22:13.049 +0530 [error] [31m✖[39m app\app.js::820: Unexpected var, use let or const instead.
2026-07-29 16:22:13.049 +0530 [error] [31m✖[39m app\app.js::820: 'span1' is already defined.
2026-07-29 16:22:13.049 +0530 [error] [31m✖[39m app\app.js::835: Unexpected var, use let or const instead.
2026-07-29 16:22:13.049 +0530 [error] [31m✖[39m app\app.js::835: 'span1' is already defined.
2026-07-29 16:22:13.049 +0530 [error] [31m✖[39m app\app.js::854: Unexpected var, use let or const instead.
2026-07-29 16:22:13.049 +0530 [error] [31m✖[39m app\app.js::855: Unexpected var, use let or const instead.
2026-07-29 16:22:13.049 +0530 [error] [31m✖[39m app\app.js::863: Unexpected var, use let or const instead.
2026-07-29 16:22:13.049 +0530 [error] [31m✖[39m app\app.js::961: Use '===' to compare with null.
2026-07-29 16:22:13.049 +0530 [error] [31m✖[39m app\app.js::1042: Unexpected var, use let or const instead.
2026-07-29 16:22:13.049 +0530 [error] [31m✖[39m app\app.js::1043: Unexpected var, use let or const instead.
2026-07-29 16:22:13.049 +0530 [error] [31m✖[39m app\js\index.js::5: Unexpected var, use let or const instead.
2026-07-29 16:22:13.049 +0530 [error] [31m✖[39m app\js\index.js::6: Unexpected var, use let or const instead.
2026-07-29 16:22:13.049 +0530 [error] [31m✖[39m app\js\index.js::10: Unexpected var, use let or const instead.
2026-07-29 16:22:13.049 +0530 [error] [31m✖[39m app\js\index.js::18: Unexpected var, use let or const instead.
2026-07-29 16:22:13.049 +0530 [error] [31m✖[39m app\js\index.js::21: Unexpected var, use let or const instead.
2026-07-29 16:22:13.049 +0530 [error] [31m✖[39m app\js\index.js::22: Unexpected var, use let or const instead.
2026-07-29 16:22:13.049 +0530 [error] [31m✖[39m app\js\index.js::23: Unexpected var, use let or const instead.
2026-07-29 16:22:13.049 +0530 [error] [31m✖[39m app\js\index.js::24: Unexpected var, use let or const instead.
2026-07-29 16:22:13.049 +0530 [error] 
2026-07-29 16:22:13.049 +0530 [warn] Please ensure that the following are addressed for quick review process:
2026-07-29 16:22:13.049 +0530 [warn] [33m⚠[39m app\app.js::56: 'authToken' declared and assigned in different scopes. Possible asynchronous race condition.
2026-07-29 16:22:13.049 +0530 [warn] [33m⚠[39m app\app.js::78: 'authToken' declared and assigned in different scopes. Possible asynchronous race condition.
2026-07-29 16:22:13.049 +0530 [warn] [33m⚠[39m app\app.js::114: Expected '!==' and instead saw '!='.
2026-07-29 16:22:13.050 +0530 [warn] [33m⚠[39m app\app.js::132: 'order_p' is never reassigned. Use 'const' instead.
2026-07-29 16:22:13.050 +0530 [warn] [33m⚠[39m app\app.js::134: Expected '!==' and instead saw '!='.
2026-07-29 16:22:13.050 +0530 [warn] [33m⚠[39m app\app.js::140: 'item_p' is never reassigned. Use 'const' instead.
2026-07-29 16:22:13.050 +0530 [warn] [33m⚠[39m app\app.js::142: Expected '!==' and instead saw '!='.
2026-07-29 16:22:13.050 +0530 [warn] [33m⚠[39m app\app.js::162: 'store_div' is never reassigned. Use 'const' instead.
2026-07-29 16:22:13.050 +0530 [warn] [33m⚠[39m app\app.js::205: Expected '===' and instead saw '=='.
2026-07-29 16:22:13.050 +0530 [warn] [33m⚠[39m app\app.js::230: 'orderNumber' declared and assigned in different scopes. Possible asynchronous race condition.
2026-07-29 16:22:13.050 +0530 [warn] [33m⚠[39m app\app.js::245: 'resp' is never reassigned. Use 'const' instead.
2026-07-29 16:22:13.050 +0530 [warn] [33m⚠[39m app\app.js::246: Expected '!==' and instead saw '!='.
2026-07-29 16:22:13.050 +0530 [warn] [33m⚠[39m app\app.js::272: 'orderNumber' declared and assigned in different scopes. Possible asynchronous race condition.
2026-07-29 16:22:13.050 +0530 [warn] [33m⚠[39m app\app.js::286: Expected '===' and instead saw '=='.
2026-07-29 16:22:13.050 +0530 [warn] [33m⚠[39m app\app.js::297: 'resp' is never reassigned. Use 'const' instead.
2026-07-29 16:22:13.050 +0530 [warn] [33m⚠[39m app\app.js::300: Expected '!==' and instead saw '!='.
2026-07-29 16:22:13.050 +0530 [warn] [33m⚠[39m app\app.js::344: Expected '===' and instead saw '=='.
2026-07-29 16:22:13.051 +0530 [warn] [33m⚠[39m app\app.js::386: Expected '===' and instead saw '=='.
2026-07-29 16:22:13.051 +0530 [warn] [33m⚠[39m app\app.js::398: Expected '!==' and instead saw '!='.
2026-07-29 16:22:13.051 +0530 [warn] [33m⚠[39m app\app.js::413: 'item_card' is never reassigned. Use 'const' instead.
2026-07-29 16:22:13.051 +0530 [warn] [33m⚠[39m app\app.js::424: 'stock_orders_id' is never reassigned. Use 'const' instead.
2026-07-29 16:22:13.051 +0530 [warn] [33m⚠[39m app\app.js::453: 'sw_store' is never reassigned. Use 'const' instead.
2026-07-29 16:22:13.051 +0530 [warn] [33m⚠[39m app\app.js::473: 'more_order_det' is never reassigned. Use 'const' instead.
2026-07-29 16:22:13.051 +0530 [warn] [33m⚠[39m app\app.js::477: 'order_prop' is never reassigned. Use 'const' instead.
2026-07-29 16:22:13.051 +0530 [warn] [33m⚠[39m app\app.js::479: Expected '!==' and instead saw '!='.
2026-07-29 16:22:13.051 +0530 [warn] [33m⚠[39m app\app.js::487: 'parentdiv' is never reassigned. Use 'const' instead.
2026-07-29 16:22:13.051 +0530 [warn] [33m⚠[39m app\app.js::496: Expected '===' and instead saw '=='.
2026-07-29 16:22:13.051 +0530 [warn] [33m⚠[39m app\app.js::500: Expected '===' and instead saw '=='.
2026-07-29 16:22:13.051 +0530 [warn] [33m⚠[39m app\app.js::508: 'itemattr' is never reassigned. Use 'const' instead.
2026-07-29 16:22:13.052 +0530 [warn] [33m⚠[39m app\app.js::518: Function 'bindItemAttrValue' has a complexity of 13. Maximum allowed is 7.
2026-07-29 16:22:13.052 +0530 [warn] [33m⚠[39m app\app.js::522: 'parentdiv' is never reassigned. Use 'const' instead.
2026-07-29 16:22:13.052 +0530 [warn] [33m⚠[39m app\app.js::542: Expected '===' and instead saw '=='.
2026-07-29 16:22:13.052 +0530 [warn] [33m⚠[39m app\app.js::545: Expected '===' and instead saw '=='.
2026-07-29 16:22:13.052 +0530 [warn] [33m⚠[39m app\app.js::554: Expected '===' and instead saw '=='.
2026-07-29 16:22:13.052 +0530 [warn] [33m⚠[39m app\app.js::557: Expected '===' and instead saw '=='.
2026-07-29 16:22:13.052 +0530 [warn] [33m⚠[39m app\app.js::574: 'item_card' is never reassigned. Use 'const' instead.
2026-07-29 16:22:13.053 +0530 [warn] [33m⚠[39m app\app.js::579: 'itemCardElement' is never reassigned. Use 'const' instead.
2026-07-29 16:22:13.053 +0530 [warn] [33m⚠[39m app\app.js::590: 'spinner' is never reassigned. Use 'const' instead.
2026-07-29 16:22:13.053 +0530 [warn] [33m⚠[39m app\app.js::639: Function 'elementCreate' has a complexity of 10. Maximum allowed is 7.
2026-07-29 16:22:13.053 +0530 [warn] [33m⚠[39m app\app.js::640: 'el_obj' is never reassigned. Use 'const' instead.
2026-07-29 16:22:13.054 +0530 [warn] [33m⚠[39m app\app.js::659: 'table' is never reassigned. Use 'const' instead.
2026-07-29 16:22:13.054 +0530 [warn] [33m⚠[39m app\app.js::659: 'parentdiv' is never reassigned. Use 'const' instead.
2026-07-29 16:22:13.054 +0530 [warn] [33m⚠[39m app\app.js::670: 'table11' is never reassigned. Use 'const' instead.
2026-07-29 16:22:13.054 +0530 [warn] [33m⚠[39m app\app.js::672: 'tr11' is never reassigned. Use 'const' instead.
2026-07-29 16:22:13.054 +0530 [warn] [33m⚠[39m app\app.js::674: 'td12' is never reassigned. Use 'const' instead.
2026-07-29 16:22:13.062 +0530 [warn] [33m⚠[39m app\app.js::675: 'table1' is never reassigned. Use 'const' instead.
2026-07-29 16:22:13.062 +0530 [warn] [33m⚠[39m app\app.js::676: 'tr1' is never reassigned. Use 'const' instead.
2026-07-29 16:22:13.062 +0530 [warn] [33m⚠[39m app\app.js::677: 'td1' is never reassigned. Use 'const' instead.
2026-07-29 16:22:13.062 +0530 [warn] [33m⚠[39m app\app.js::680: 'tr2' is never reassigned. Use 'const' instead.
2026-07-29 16:22:13.062 +0530 [warn] [33m⚠[39m app\app.js::681: 'td2' is never reassigned. Use 'const' instead.
2026-07-29 16:22:13.062 +0530 [warn] [33m⚠[39m app\app.js::684: 'tr44' is never reassigned. Use 'const' instead.
2026-07-29 16:22:13.062 +0530 [warn] [33m⚠[39m app\app.js::685: 'td44' is never reassigned. Use 'const' instead.
2026-07-29 16:22:13.062 +0530 [warn] [33m⚠[39m app\app.js::709: 'item_card_attr' is never reassigned. Use 'const' instead.
2026-07-29 16:22:13.062 +0530 [warn] [33m⚠[39m app\app.js::736: Function has a complexity of 9. Maximum allowed is 7.
2026-07-29 16:22:13.062 +0530 [warn] [33m⚠[39m app\app.js::759: Expected '!==' and instead saw '!='.
2026-07-29 16:22:13.062 +0530 [warn] [33m⚠[39m app\app.js::790: Expected '===' and instead saw '=='.
2026-07-29 16:22:13.062 +0530 [warn] [33m⚠[39m app\app.js::790: Expected '===' and instead saw '=='.
2026-07-29 16:22:13.062 +0530 [warn] [33m⚠[39m app\app.js::799: Expected '===' and instead saw '=='.
2026-07-29 16:22:13.062 +0530 [warn] [33m⚠[39m app\app.js::799: Expected '===' and instead saw '=='.
2026-07-29 16:22:13.062 +0530 [warn] [33m⚠[39m app\app.js::815: Expected '===' and instead saw '=='.
2026-07-29 16:22:13.063 +0530 [warn] [33m⚠[39m app\app.js::815: Expected '===' and instead saw '=='.
2026-07-29 16:22:13.063 +0530 [warn] [33m⚠[39m app\app.js::852: Function 'itemCardAttr' has a complexity of 9. Maximum allowed is 7.
2026-07-29 16:22:13.063 +0530 [warn] [33m⚠[39m app\app.js::857: 'parentdiv' is never reassigned. Use 'const' instead.
2026-07-29 16:22:13.063 +0530 [warn] [33m⚠[39m app\app.js::859: 'item_prop' is never reassigned. Use 'const' instead.
2026-07-29 16:22:13.063 +0530 [warn] [33m⚠[39m app\app.js::861: 'table' is never reassigned. Use 'const' instead.
2026-07-29 16:22:13.064 +0530 [warn] [33m⚠[39m app\app.js::868: 'val_attr' is never reassigned. Use 'const' instead.
2026-07-29 16:22:13.064 +0530 [warn] [33m⚠[39m app\app.js::869: 'ship_meth' is never reassigned. Use 'const' instead.
2026-07-29 16:22:13.064 +0530 [warn] [33m⚠[39m app\app.js::870: 'pay_attr' is never reassigned. Use 'const' instead.
2026-07-29 16:22:13.064 +0530 [warn] [33m⚠[39m app\app.js::880: Expected '===' and instead saw '=='.
2026-07-29 16:22:13.064 +0530 [warn] [33m⚠[39m app\app.js::884: Expected '===' and instead saw '=='.
2026-07-29 16:22:13.064 +0530 [warn] [33m⚠[39m app\app.js::888: Expected '===' and instead saw '=='.
2026-07-29 16:22:13.064 +0530 [warn] [33m⚠[39m app\app.js::910: 'stock_orders_id' is never reassigned. Use 'const' instead.
2026-07-29 16:22:13.064 +0530 [warn] [33m⚠[39m app\app.js::911: 'table' is never reassigned. Use 'const' instead.
2026-07-29 16:22:13.064 +0530 [warn] [33m⚠[39m app\app.js::918: 'tr' is never reassigned. Use 'const' instead.
2026-07-29 16:22:13.064 +0530 [warn] [33m⚠[39m app\app.js::918: 'td' is never reassigned. Use 'const' instead.
2026-07-29 16:22:13.064 +0530 [warn] [33m⚠[39m app\app.js::921: 'table11' is never reassigned. Use 'const' instead.
2026-07-29 16:22:13.064 +0530 [warn] [33m⚠[39m app\app.js::923: 'tr11' is never reassigned. Use 'const' instead.
2026-07-29 16:22:13.065 +0530 [warn] [33m⚠[39m app\app.js::925: 'td12' is never reassigned. Use 'const' instead.
2026-07-29 16:22:13.065 +0530 [warn] [33m⚠[39m app\app.js::926: 'table1' is never reassigned. Use 'const' instead.
2026-07-29 16:22:13.065 +0530 [warn] [33m⚠[39m app\app.js::927: 'tr1_' is never reassigned. Use 'const' instead.
2026-07-29 16:22:13.065 +0530 [warn] [33m⚠[39m app\app.js::928: 'td1_' is never reassigned. Use 'const' instead.
2026-07-29 16:22:13.065 +0530 [warn] [33m⚠[39m app\app.js::930: 'b1_' is never reassigned. Use 'const' instead.
2026-07-29 16:22:13.065 +0530 [warn] [33m⚠[39m app\app.js::935: 'tr1' is never reassigned. Use 'const' instead.
2026-07-29 16:22:13.065 +0530 [warn] [33m⚠[39m app\app.js::936: 'td1' is never reassigned. Use 'const' instead.
2026-07-29 16:22:13.065 +0530 [warn] [33m⚠[39m app\app.js::938: 'b9_' is never reassigned. Use 'const' instead.
2026-07-29 16:22:13.065 +0530 [warn] [33m⚠[39m app\app.js::943: 'tr2' is never reassigned. Use 'const' instead.
2026-07-29 16:22:13.065 +0530 [warn] [33m⚠[39m app\app.js::944: 'td2' is never reassigned. Use 'const' instead.
2026-07-29 16:22:13.066 +0530 [warn] [33m⚠[39m app\app.js::946: 'b2_' is never reassigned. Use 'const' instead.
2026-07-29 16:22:13.066 +0530 [warn] [33m⚠[39m app\app.js::951: 'tr44' is never reassigned. Use 'const' instead.
2026-07-29 16:22:13.066 +0530 [warn] [33m⚠[39m app\app.js::952: 'td44' is never reassigned. Use 'const' instead.
2026-07-29 16:22:13.066 +0530 [warn] [33m⚠[39m app\app.js::954: 'b3_' is never reassigned. Use 'const' instead.
2026-07-29 16:22:13.066 +0530 [warn] [33m⚠[39m app\app.js::961: Expected '!==' and instead saw '!='.
2026-07-29 16:22:13.066 +0530 [warn] [33m⚠[39m app\app.js::962: 'tr45' is never reassigned. Use 'const' instead.
2026-07-29 16:22:13.066 +0530 [warn] [33m⚠[39m app\app.js::963: 'td45' is never reassigned. Use 'const' instead.
2026-07-29 16:22:13.066 +0530 [warn] [33m⚠[39m app\app.js::965: 'b4_' is never reassigned. Use 'const' instead.
2026-07-29 16:22:13.066 +0530 [warn] [33m⚠[39m app\app.js::972: 'tr49' is never reassigned. Use 'const' instead.
2026-07-29 16:22:13.066 +0530 [warn] [33m⚠[39m app\app.js::973: 'td49' is never reassigned. Use 'const' instead.
2026-07-29 16:22:13.066 +0530 [warn] [33m⚠[39m app\app.js::975: 'b5_' is never reassigned. Use 'const' instead.
2026-07-29 16:22:13.066 +0530 [warn] [33m⚠[39m app\app.js::983: 'tr45' is never reassigned. Use 'const' instead.
2026-07-29 16:22:13.066 +0530 [warn] [33m⚠[39m app\app.js::984: 'td45' is never reassigned. Use 'const' instead.
2026-07-29 16:22:13.066 +0530 [warn] [33m⚠[39m app\app.js::989: 'tr49' is never reassigned. Use 'const' instead.
2026-07-29 16:22:13.067 +0530 [warn] [33m⚠[39m app\app.js::990: 'td49' is never reassigned. Use 'const' instead.
2026-07-29 16:22:13.067 +0530 [warn] [33m⚠[39m app\app.js::996: 'tr46' is never reassigned. Use 'const' instead.
2026-07-29 16:22:13.067 +0530 [warn] [33m⚠[39m app\app.js::997: 'td46' is never reassigned. Use 'const' instead.
2026-07-29 16:22:13.067 +0530 [warn] [33m⚠[39m app\app.js::999: 'b6_' is never reassigned. Use 'const' instead.
2026-07-29 16:22:13.067 +0530 [warn] [33m⚠[39m app\app.js::1006: 'tr47' is never reassigned. Use 'const' instead.
2026-07-29 16:22:13.067 +0530 [warn] [33m⚠[39m app\app.js::1007: 'td47' is never reassigned. Use 'const' instead.
2026-07-29 16:22:13.067 +0530 [warn] [33m⚠[39m app\app.js::1009: 'b7_' is never reassigned. Use 'const' instead.
2026-07-29 16:22:13.067 +0530 [warn] [33m⚠[39m app\app.js::1016: 'tr48' is never reassigned. Use 'const' instead.
2026-07-29 16:22:13.067 +0530 [warn] [33m⚠[39m app\app.js::1017: 'td48' is never reassigned. Use 'const' instead.
2026-07-29 16:22:13.067 +0530 [warn] [33m⚠[39m app\app.js::1019: 'b8_' is never reassigned. Use 'const' instead.
2026-07-29 16:22:13.067 +0530 [warn] 
2026-07-29 16:22:13.113 +0530 [debug] (report.js) Generating hash for report.json file
2026-07-29 16:51:27.681 +0530 [debug] (configs.js) loaded default configs as "{"updates":{"manifest_url":"https://cdn.freshdev.io/assets/fdk/updates.json","changelog_url":"https://cdn.freshdev.io/assets/fdk/change-log.json","period":24},"log":{"level":"info"},"javascript":{"ecma_version":2020},"request":{"timeout":15000,"maxFilesPerRequest":5},"global_apps":{"enabled":true},"easel":{"enabled":false},"job":{"timeout":120000},"av_scan":{"status":"SAFE"}}"
2026-07-29 16:51:27.682 +0530 [debug] (configs.js) loaded global configs as "{"global_apps":{"enabled":"true"},"request":{"timeout":15000},"job":{"timeout":120000}}"
2026-07-29 16:51:27.682 +0530 [debug] (configs.js) loaded local configs as "{"request":{"timeout":15000},"job":{"timeout":120000},"global_apps":{"enabled":"true"}}"
2026-07-29 16:51:27.683 +0530 [debug] (configs.js) loaded env configs as "{"updates":{},"log":{},"javascript":{},"request":{"timeout":15000,"maxFilesPerRequest":5},"job":{"timeout":120000},"av_scan":{"status":"SAFE"}}"
2026-07-29 16:51:27.683 +0530 [debug] (configs.js) loaded resolved configs as "{"updates":{"manifest_url":"https://cdn.freshdev.io/assets/fdk/updates.json","changelog_url":"https://cdn.freshdev.io/assets/fdk/change-log.json","period":24},"log":{"level":"info"},"javascript":{"ecma_version":2020},"request":{"timeout":15000,"maxFilesPerRequest":5},"global_apps":{"enabled":"true"},"easel":{"enabled":false},"job":{"timeout":120000},"av_scan":{"status":"SAFE"}}"
2026-07-29 16:51:27.683 +0530 [debug] (logger.js) Starting FDK in node v24.11.0 on win32
2026-07-29 16:51:27.683 +0530 [debug] (sequelize.js) setting up sqilite at "C:\plenty-markets/.fdk/store.sqlite"
2026-07-29 16:51:27.683 +0530 [debug] (data.js) Read {"version_details":{"cli":{"deprecated":{"version":"<9","message":"This FDK version has been deprecated. There will be no further feature updates to this version. For a seamless app-building experience, ensure to move to the latest FDK version. For more information, see https://developers.freshworks.com/docs/app-sdk/v2.3/freshdesk/migration-guide/#migrate-to-the-latest-platform-version."},"forced":{"version":"7.0.0","command":"npm install https://dl.freshdev.io/cli/fdk-7.0.0.tgz -g","message":"Your FDK version has been forced updated to v7.0.0, please visit https://community.developers.freshworks.com/t/fdk-v7-0-announcing-node-js-v12-and-es6-support/3606 to know more"},"latest":{"version":"10.1.8","command":"npm install https://cdn.freshdev.io/fdk/latest-v24.tgz -g","message":"You are on the latest FDK version. For information on the features available as part of this FDK version, see https://developers.freshworks.com/docs/?tab=modules."}},"addon":{"version":"2.2.9","url":"https://cdn.freshdev.io/assets/fdk/addons/addon.zip"}},"last_updated":{"time_stamp":1785320337121}}
2026-07-29 16:51:27.683 +0530 [debug] (updater.js) last check less than 24 hours ago, not looking for updates
2026-07-29 16:51:27.685 +0530 [debug] (index.js) running with opts {}
2026-07-29 16:51:27.720 +0530 [debug] (data.js) Read {"version_details":{"cli":{"deprecated":{"version":"<9","message":"This FDK version has been deprecated. There will be no further feature updates to this version. For a seamless app-building experience, ensure to move to the latest FDK version. For more information, see https://developers.freshworks.com/docs/app-sdk/v2.3/freshdesk/migration-guide/#migrate-to-the-latest-platform-version."},"forced":{"version":"7.0.0","command":"npm install https://dl.freshdev.io/cli/fdk-7.0.0.tgz -g","message":"Your FDK version has been forced updated to v7.0.0, please visit https://community.developers.freshworks.com/t/fdk-v7-0-announcing-node-js-v12-and-es6-support/3606 to know more"},"latest":{"version":"10.1.8","command":"npm install https://cdn.freshdev.io/fdk/latest-v24.tgz -g","message":"You are on the latest FDK version. For information on the features available as part of this FDK version, see https://developers.freshworks.com/docs/?tab=modules."}},"addon":{"version":"2.2.9","url":"https://cdn.freshdev.io/assets/fdk/addons/addon.zip"}},"last_updated":{"time_stamp":1785320337121}}
2026-07-29 16:51:27.721 +0530 [debug] (manifest.js) Reloading manifest with {"platform-version":"3.0","modules":{"common":{"requests":{"login":{},"validateCredentials":{},"getWorkitem":{},"getOrderNumberItems":{}}},"support_ticket":{"location":{"ticket_sidebar":{"url":"template.html","icon":"icon.svg"}}}},"engines":{"node":"24.11.0","fdk":"10.1.8"}}.
2026-07-29 16:51:27.721 +0530 [debug] (manifest.js) Inferred db as features.
2026-07-29 16:51:27.722 +0530 [debug] (data.js) Read {"version_details":{"cli":{"deprecated":{"version":"<9","message":"This FDK version has been deprecated. There will be no further feature updates to this version. For a seamless app-building experience, ensure to move to the latest FDK version. For more information, see https://developers.freshworks.com/docs/app-sdk/v2.3/freshdesk/migration-guide/#migrate-to-the-latest-platform-version."},"forced":{"version":"7.0.0","command":"npm install https://dl.freshdev.io/cli/fdk-7.0.0.tgz -g","message":"Your FDK version has been forced updated to v7.0.0, please visit https://community.developers.freshworks.com/t/fdk-v7-0-announcing-node-js-v12-and-es6-support/3606 to know more"},"latest":{"version":"10.1.8","command":"npm install https://cdn.freshdev.io/fdk/latest-v24.tgz -g","message":"You are on the latest FDK version. For information on the features available as part of this FDK version, see https://developers.freshworks.com/docs/?tab=modules."}},"addon":{"version":"2.2.9","url":"https://cdn.freshdev.io/assets/fdk/addons/addon.zip"}},"last_updated":{"time_stamp":1785320337121}}
2026-07-29 16:51:27.864 +0530 [debug] (coverage.js) INIT: About to merge initial coverage data with 0 files
2026-07-29 16:51:27.865 +0530 [debug] (coverage.js) INIT: After merge - Files in map: 0
2026-07-29 16:51:27.916 +0530 [debug] (index.js) Initializing AJV schemas from individual files
2026-07-29 16:51:27.916 +0530 [debug] (index.js) Compiling schemas...
2026-07-29 16:51:27.925 +0530 [debug] (index.js) All schemas compiled successfully
2026-07-29 16:51:28.125 +0530 [debug] (index.js) 'schema: ' [object Object]
2026-07-29 16:51:28.130 +0530 [debug] (index.js) 'schema: ' [object Object]
2026-07-29 16:51:28.131 +0530 [debug] (index.js) 'schema: ' [object Object]
2026-07-29 16:51:28.132 +0530 [debug] (index.js) 'schema: ' [object Object]
2026-07-29 16:51:28.134 +0530 [debug] (index.js) 'schema: ' [object Object]
2026-07-29 16:51:28.135 +0530 [debug] (index.js) 'schema: ' [object Object]
2026-07-29 16:51:28.136 +0530 [debug] (index.js) 'schema: ' [object Object]
2026-07-29 16:51:28.141 +0530 [debug] (index.js) 'schema: ' [object Object]
2026-07-29 16:51:28.141 +0530 [debug] (index.js) 'schema: ' [object Object]
2026-07-29 16:51:28.141 +0530 [debug] (index.js) 'schema: ' [object Object]
2026-07-29 16:51:28.145 +0530 [debug] (index.js) 'schema: ' [object Object]
2026-07-29 16:51:28.147 +0530 [debug] (index.js) 'schema: ' [object Object]
2026-07-29 16:51:28.149 +0530 [debug] (index.js) 'schema: ' [object Object]
2026-07-29 16:51:28.149 +0530 [debug] (index.js) 'schema: ' [object Object]
2026-07-29 16:51:28.149 +0530 [debug] (index.js) 'schema: ' [object Object]
2026-07-29 16:51:28.151 +0530 [debug] (index.js) 'schema: ' [object Object]
2026-07-29 16:51:28.153 +0530 [debug] (index.js) 'schema: ' [object Object]
2026-07-29 16:51:28.162 +0530 [debug] (index.js) 'schema: ' [object Object]
2026-07-29 16:51:28.603 +0530 [debug] (validate.js) asked to skip the following validations, 
2026-07-29 16:51:28.603 +0530 [debug] (validate.js) running validator actions
2026-07-29 16:51:28.603 +0530 [debug] (validate.js) running validator requests
2026-07-29 16:51:28.604 +0530 [debug] (requests.js) validating request template for "login"
2026-07-29 16:51:28.604 +0530 [debug] (validate.js) running validator app-dir
2026-07-29 16:51:28.604 +0530 [debug] (validate.js) running validator config-dir
2026-07-29 16:51:28.604 +0530 [debug] (config-dir.js) Checking to see if C:\plenty-markets/config/ exists.
2026-07-29 16:51:28.604 +0530 [debug] (config-dir.js) Fetched the following config files iparams.html,requests.json
2026-07-29 16:51:28.604 +0530 [debug] (validate.js) running validator custom-objects
2026-07-29 16:51:28.604 +0530 [debug] (validate.js) running validator event
2026-07-29 16:51:28.604 +0530 [debug] (validate.js) running validator iparam
2026-07-29 16:51:28.626 +0530 [debug] (validate.js) running validator lint
2026-07-29 16:51:28.626 +0530 [debug] (lint.js) passed fix flag: undefined
2026-07-29 16:51:28.628 +0530 [debug] (lint.js) Running the following lints on the file app\app.js : no-eval,no-alert,no-debugger,no-unreachable,no-duplicate-imports,constructor-super,for-direction,no-class-assign,no-new-native-nonconstructor,valid-typeof,no-eq-null,no-var,require-await,no-unreachable-loop,no-redeclare,no-self-assign,no-setter-return,no-shadow-restricted-names,no-this-before-super,no-unsafe-finally,no-unsafe-optional-chaining,no-unused-vars,no-useless-catch,eqeqeq,prefer-const,require-yield,no-global-assign,no-caller,no-process-env,complexity,max-nested-callbacks,handle-callback-err,getter-return,no-async-promise-executor,no-case-declarations,no-compare-neg-zero,no-cond-assign,no-const-assign,no-constant-condition,no-control-regex,no-delete-var,no-dupe-args,no-dupe-class-members,no-dupe-else-if,no-dupe-keys,no-duplicate-case,no-empty,no-empty-character-class,no-empty-pattern,no-ex-assign,no-extra-boolean-cast,no-extra-semi,no-fallthrough,no-func-assign,no-import-assign,no-inner-declarations,no-invalid-regexp,no-irregular-whitespace,no-loss-of-precision,no-misleading-character-class,no-mixed-spaces-and-tabs,no-nonoctal-decimal-escape,no-obj-calls,no-octal,no-prototype-builtins,no-regex-spaces,no-sparse-arrays,no-unexpected-multiline,no-unsafe-negation,no-unused-labels,no-useless-backreference,no-useless-escape,no-with,use-isnan,no-unpkg-cdn,no-proxy-requests,no-unhandled-promise,no-logging-rejections,no-non-client-request-model,no-deprecated-apis,no-cross-scope-assign,no-empty-function
2026-07-29 16:51:28.757 +0530 [debug] (lint.js) Running the following lints on the file app\js\index.js : no-eval,no-alert,no-debugger,no-unreachable,no-duplicate-imports,constructor-super,for-direction,no-class-assign,no-new-native-nonconstructor,valid-typeof,no-eq-null,no-var,require-await,no-unreachable-loop,no-redeclare,no-self-assign,no-setter-return,no-shadow-restricted-names,no-this-before-super,no-unsafe-finally,no-unsafe-optional-chaining,no-unused-vars,no-useless-catch,eqeqeq,prefer-const,require-yield,no-global-assign,no-caller,no-process-env,complexity,max-nested-callbacks,handle-callback-err,getter-return,no-async-promise-executor,no-case-declarations,no-compare-neg-zero,no-cond-assign,no-const-assign,no-constant-condition,no-control-regex,no-delete-var,no-dupe-args,no-dupe-class-members,no-dupe-else-if,no-dupe-keys,no-duplicate-case,no-empty,no-empty-character-class,no-empty-pattern,no-ex-assign,no-extra-boolean-cast,no-extra-semi,no-fallthrough,no-func-assign,no-import-assign,no-inner-declarations,no-invalid-regexp,no-irregular-whitespace,no-loss-of-precision,no-misleading-character-class,no-mixed-spaces-and-tabs,no-nonoctal-decimal-escape,no-obj-calls,no-octal,no-prototype-builtins,no-regex-spaces,no-sparse-arrays,no-unexpected-multiline,no-unsafe-negation,no-unused-labels,no-useless-backreference,no-useless-escape,no-with,use-isnan,no-unpkg-cdn,no-proxy-requests,no-unhandled-promise,no-logging-rejections,no-non-client-request-model,no-deprecated-apis,no-cross-scope-assign,no-empty-function
2026-07-29 16:51:28.783 +0530 [debug] (validate.js) running validator manifest
2026-07-29 16:51:28.783 +0530 [debug] (validate.js) running validator manifest-dependency
2026-07-29 16:51:28.783 +0530 [debug] (validate.js) skipping validator manifest-scripts
2026-07-29 16:51:28.783 +0530 [debug] (validate.js) running validator oauth
2026-07-29 16:51:28.783 +0530 [debug] (validate.js) skipping validator pkgsize
2026-07-29 16:51:28.783 +0530 [debug] (validate.js) skipping validator schema
2026-07-29 16:51:28.783 +0530 [debug] (validate.js) running validator version-check
2026-07-29 16:51:28.783 +0530 [debug] (validate.js) running validator app-settings
2026-07-29 16:51:28.785 +0530 [debug] (http.js) Failed to parse URL: https://<%= iparam.SWdomain %>, error: Invalid URL
2026-07-29 16:51:28.785 +0530 [debug] (requests.js) validating request template for "validateCredentials"
2026-07-29 16:51:28.787 +0530 [debug] (http.js) Failed to parse URL: https://<%= context.domain %>, error: Invalid URL
2026-07-29 16:51:28.787 +0530 [debug] (index.js) error where executing ajv validations Error: validation failed
    at validate26 (eval at compileSchema (C:\Users\user\AppData\Roaming\nvm\v24.11.0\node_modules\@freshworks\fdk\node_modules\ajv\dist\compile\index.js:89:30), <anonymous>:3:29531)
    at validate (C:\Users\user\AppData\Roaming\nvm\v24.11.0\node_modules\@freshworks\fdk\lib\utils\validator\index.js:57:11)
    at validateRequests (C:\Users\user\AppData\Roaming\nvm\v24.11.0\node_modules\@freshworks\fdk\lib\validations\requests.js:27:13)
    at process.processTicksAndRejections (node:internal/process/task_queues:105:5)
    at async Object.validate (C:\Users\user\AppData\Roaming\nvm\v24.11.0\node_modules\@freshworks\fdk\lib\validations\requests.js:60:10)
    at async Promise.all (index 1)
    at async Object.run (C:\Users\user\AppData\Roaming\nvm\v24.11.0\node_modules\@freshworks\fdk\lib\cli\validate.js:36:25)
    at async Command.<anonymous> (C:\Users\user\AppData\Roaming\nvm\v24.11.0\node_modules\@freshworks\fdk\lib\cli\index.js:142:34)
    at async Command.parseAsync (C:\Users\user\AppData\Roaming\nvm\v24.11.0\node_modules\@freshworks\fdk\node_modules\commander\lib\command.js:1092:5)
2026-07-29 16:51:28.788 +0530 [debug] (requests.js) validating request template for "getWorkitem"
2026-07-29 16:51:28.788 +0530 [debug] (http.js) Failed to parse URL: https://<%= iparam.SWdomain %>, error: Invalid URL
2026-07-29 16:51:28.788 +0530 [debug] (http.js) Failed to parse URL: https://<%= iparam.SWdomain %>, error: Invalid URL
2026-07-29 16:51:28.788 +0530 [debug] (request.js) Checking request template for multi-oauth app
2026-07-29 16:51:28.788 +0530 [debug] (requests.js) validating request template for "getOrderNumberItems"
2026-07-29 16:51:28.788 +0530 [debug] (http.js) Failed to parse URL: https://<%= iparam.SWdomain %>, error: Invalid URL
2026-07-29 16:51:28.788 +0530 [debug] (http.js) Failed to parse URL: https://<%= context.domain %>, error: Invalid URL
2026-07-29 16:51:28.788 +0530 [debug] (index.js) error where executing ajv validations Error: validation failed
    at validate26 (eval at compileSchema (C:\Users\user\AppData\Roaming\nvm\v24.11.0\node_modules\@freshworks\fdk\node_modules\ajv\dist\compile\index.js:89:30), <anonymous>:3:29531)
    at validate (C:\Users\user\AppData\Roaming\nvm\v24.11.0\node_modules\@freshworks\fdk\lib\utils\validator\index.js:57:11)
    at Object.get (C:\Users\user\AppData\Roaming\nvm\v24.11.0\node_modules\@freshworks\fdk\lib\actions\request.js:50:9)
    at process.processTicksAndRejections (node:internal/process/task_queues:105:5)
    at async validateRequests (C:\Users\user\AppData\Roaming\nvm\v24.11.0\node_modules\@freshworks\fdk\lib\validations\manifest.js:537:9)
    at async validateManifest (C:\Users\user\AppData\Roaming\nvm\v24.11.0\node_modules\@freshworks\fdk\lib\validations\manifest.js:735:5)
    at async Promise.all (index 8)
    at async Object.run (C:\Users\user\AppData\Roaming\nvm\v24.11.0\node_modules\@freshworks\fdk\lib\cli\validate.js:36:25)
    at async Command.<anonymous> (C:\Users\user\AppData\Roaming\nvm\v24.11.0\node_modules\@freshworks\fdk\lib\cli\index.js:142:34)
    at async Command.parseAsync (C:\Users\user\AppData\Roaming\nvm\v24.11.0\node_modules\@freshworks\fdk\node_modules\commander\lib\command.js:1092:5)
2026-07-29 16:51:28.788 +0530 [debug] (http.js) Failed to parse URL: https://<%= iparam.SWdomain %>, error: Invalid URL
2026-07-29 16:51:28.788 +0530 [debug] (request.js) Checking request template for multi-oauth app
2026-07-29 16:51:28.788 +0530 [debug] (http.js) Failed to parse URL: https://<%= iparam.SWdomain %>, error: Invalid URL
2026-07-29 16:51:28.788 +0530 [debug] (request.js) Checking request template for multi-oauth app
2026-07-29 16:51:28.790 +0530 [error] Validation failed due to the following issue(s):
2026-07-29 16:51:28.791 +0530 [error] Platform errors:
2026-07-29 16:51:28.791 +0530 [error] [31m✖[39m Request template 'validateCredentials' schema must NOT have additional properties 'body' in config/requests.json.
2026-07-29 16:51:28.791 +0530 [error] [31m✖[39m validation failed
2026-07-29 16:51:28.791 +0530 [error] 
2026-07-29 16:51:28.791 +0530 [error] Lint errors:
2026-07-29 16:51:28.791 +0530 [error] [31m✖[39m app\app.js::1: Unexpected var, use let or const instead.
2026-07-29 16:51:28.791 +0530 [error] [31m✖[39m app\app.js::39: Unexpected var, use let or const instead.
2026-07-29 16:51:28.791 +0530 [error] [31m✖[39m app\app.js::50: Unexpected var, use let or const instead.
2026-07-29 16:51:28.791 +0530 [error] [31m✖[39m app\app.js::65: Unexpected var, use let or const instead.
2026-07-29 16:51:28.792 +0530 [error] [31m✖[39m app\app.js::86: Unexpected var, use let or const instead.
2026-07-29 16:51:28.792 +0530 [error] [31m✖[39m app\app.js::90: Unexpected var, use let or const instead.
2026-07-29 16:51:28.792 +0530 [error] [31m✖[39m app\app.js::94: Unexpected var, use let or const instead.
2026-07-29 16:51:28.792 +0530 [error] [31m✖[39m app\app.js::107: Unexpected var, use let or const instead.
2026-07-29 16:51:28.792 +0530 [error] [31m✖[39m app\app.js::127: Unexpected var, use let or const instead.
2026-07-29 16:51:28.792 +0530 [error] [31m✖[39m app\app.js::182: Unexpected var, use let or const instead.
2026-07-29 16:51:28.792 +0530 [error] [31m✖[39m app\app.js::198: Unexpected var, use let or const instead.
2026-07-29 16:51:28.792 +0530 [error] [31m✖[39m app\app.js::218: Unexpected var, use let or const instead.
2026-07-29 16:51:28.792 +0530 [error] [31m✖[39m app\app.js::284: 'searchOrderbyID' is defined but never used.
2026-07-29 16:51:28.792 +0530 [error] [31m✖[39m app\app.js::386: Unexpected var, use let or const instead.
2026-07-29 16:51:28.792 +0530 [error] [31m✖[39m app\app.js::392: Unexpected var, use let or const instead.
2026-07-29 16:51:28.792 +0530 [error] [31m✖[39m app\app.js::395: Unexpected var, use let or const instead.
2026-07-29 16:51:28.792 +0530 [error] [31m✖[39m app\app.js::489: Unexpected var, use let or const instead.
2026-07-29 16:51:28.793 +0530 [error] [31m✖[39m app\app.js::505: Unexpected var, use let or const instead.
2026-07-29 16:51:28.793 +0530 [error] [31m✖[39m app\app.js::534: Unexpected var, use let or const instead.
2026-07-29 16:51:28.793 +0530 [error] [31m✖[39m app\app.js::535: Unexpected var, use let or const instead.
2026-07-29 16:51:28.793 +0530 [error] [31m✖[39m app\app.js::540: Unexpected var, use let or const instead.
2026-07-29 16:51:28.793 +0530 [error] [31m✖[39m app\app.js::594: Unexpected var, use let or const instead.
2026-07-29 16:51:28.793 +0530 [error] [31m✖[39m app\app.js::595: Unexpected var, use let or const instead.
2026-07-29 16:51:28.793 +0530 [error] [31m✖[39m app\app.js::598: Unexpected var, use let or const instead.
2026-07-29 16:51:28.793 +0530 [error] [31m✖[39m app\app.js::613: Unexpected var, use let or const instead.
2026-07-29 16:51:28.793 +0530 [error] [31m✖[39m app\app.js::772: Unexpected var, use let or const instead.
2026-07-29 16:51:28.793 +0530 [error] [31m✖[39m app\app.js::774: Unexpected var, use let or const instead.
2026-07-29 16:51:28.793 +0530 [error] [31m✖[39m app\app.js::818: Unexpected var, use let or const instead.
2026-07-29 16:51:28.793 +0530 [error] [31m✖[39m app\app.js::834: Unexpected var, use let or const instead.
2026-07-29 16:51:28.794 +0530 [error] [31m✖[39m app\app.js::834: 'span1' is already defined.
2026-07-29 16:51:28.794 +0530 [error] [31m✖[39m app\app.js::849: Unexpected var, use let or const instead.
2026-07-29 16:51:28.794 +0530 [error] [31m✖[39m app\app.js::849: 'span1' is already defined.
2026-07-29 16:51:28.794 +0530 [error] [31m✖[39m app\app.js::868: Unexpected var, use let or const instead.
2026-07-29 16:51:28.794 +0530 [error] [31m✖[39m app\app.js::869: Unexpected var, use let or const instead.
2026-07-29 16:51:28.794 +0530 [error] [31m✖[39m app\app.js::877: Unexpected var, use let or const instead.
2026-07-29 16:51:28.794 +0530 [error] [31m✖[39m app\app.js::975: Use '===' to compare with null.
2026-07-29 16:51:28.794 +0530 [error] [31m✖[39m app\app.js::1056: Unexpected var, use let or const instead.
2026-07-29 16:51:28.794 +0530 [error] [31m✖[39m app\app.js::1057: Unexpected var, use let or const instead.
2026-07-29 16:51:28.794 +0530 [error] [31m✖[39m app\js\index.js::5: Unexpected var, use let or const instead.
2026-07-29 16:51:28.794 +0530 [error] [31m✖[39m app\js\index.js::6: Unexpected var, use let or const instead.
2026-07-29 16:51:28.794 +0530 [error] [31m✖[39m app\js\index.js::10: Unexpected var, use let or const instead.
2026-07-29 16:51:28.794 +0530 [error] [31m✖[39m app\js\index.js::18: Unexpected var, use let or const instead.
2026-07-29 16:51:28.794 +0530 [error] [31m✖[39m app\js\index.js::21: Unexpected var, use let or const instead.
2026-07-29 16:51:28.794 +0530 [error] [31m✖[39m app\js\index.js::22: Unexpected var, use let or const instead.
2026-07-29 16:51:28.795 +0530 [error] [31m✖[39m app\js\index.js::23: Unexpected var, use let or const instead.
2026-07-29 16:51:28.795 +0530 [error] [31m✖[39m app\js\index.js::24: Unexpected var, use let or const instead.
2026-07-29 16:51:28.795 +0530 [error] 
2026-07-29 16:51:28.795 +0530 [warn] Please ensure that the following are addressed for quick review process:
2026-07-29 16:51:28.795 +0530 [warn] [33m⚠[39m app\app.js::66: 'authToken' declared and assigned in different scopes. Possible asynchronous race condition.
2026-07-29 16:51:28.795 +0530 [warn] [33m⚠[39m app\app.js::92: 'authToken' declared and assigned in different scopes. Possible asynchronous race condition.
2026-07-29 16:51:28.795 +0530 [warn] [33m⚠[39m app\app.js::128: Expected '!==' and instead saw '!='.
2026-07-29 16:51:28.795 +0530 [warn] [33m⚠[39m app\app.js::146: 'order_p' is never reassigned. Use 'const' instead.
2026-07-29 16:51:28.795 +0530 [warn] [33m⚠[39m app\app.js::148: Expected '!==' and instead saw '!='.
2026-07-29 16:51:28.795 +0530 [warn] [33m⚠[39m app\app.js::154: 'item_p' is never reassigned. Use 'const' instead.
2026-07-29 16:51:28.795 +0530 [warn] [33m⚠[39m app\app.js::156: Expected '!==' and instead saw '!='.
2026-07-29 16:51:28.795 +0530 [warn] [33m⚠[39m app\app.js::176: 'store_div' is never reassigned. Use 'const' instead.
2026-07-29 16:51:28.795 +0530 [warn] [33m⚠[39m app\app.js::219: Expected '===' and instead saw '=='.
2026-07-29 16:51:28.796 +0530 [warn] [33m⚠[39m app\app.js::244: 'orderNumber' declared and assigned in different scopes. Possible asynchronous race condition.
2026-07-29 16:51:28.796 +0530 [warn] [33m⚠[39m app\app.js::259: 'resp' is never reassigned. Use 'const' instead.
2026-07-29 16:51:28.796 +0530 [warn] [33m⚠[39m app\app.js::260: Expected '!==' and instead saw '!='.
2026-07-29 16:51:28.796 +0530 [warn] [33m⚠[39m app\app.js::286: 'orderNumber' declared and assigned in different scopes. Possible asynchronous race condition.
2026-07-29 16:51:28.796 +0530 [warn] [33m⚠[39m app\app.js::300: Expected '===' and instead saw '=='.
2026-07-29 16:51:28.796 +0530 [warn] [33m⚠[39m app\app.js::311: 'resp' is never reassigned. Use 'const' instead.
2026-07-29 16:51:28.796 +0530 [warn] [33m⚠[39m app\app.js::314: Expected '!==' and instead saw '!='.
2026-07-29 16:51:28.797 +0530 [warn] [33m⚠[39m app\app.js::358: Expected '===' and instead saw '=='.
2026-07-29 16:51:28.797 +0530 [warn] [33m⚠[39m app\app.js::400: Expected '===' and instead saw '=='.
2026-07-29 16:51:28.797 +0530 [warn] [33m⚠[39m app\app.js::412: Expected '!==' and instead saw '!='.
2026-07-29 16:51:28.797 +0530 [warn] [33m⚠[39m app\app.js::427: 'item_card' is never reassigned. Use 'const' instead.
2026-07-29 16:51:28.797 +0530 [warn] [33m⚠[39m app\app.js::438: 'stock_orders_id' is never reassigned. Use 'const' instead.
2026-07-29 16:51:28.797 +0530 [warn] [33m⚠[39m app\app.js::467: 'sw_store' is never reassigned. Use 'const' instead.
2026-07-29 16:51:28.797 +0530 [warn] [33m⚠[39m app\app.js::487: 'more_order_det' is never reassigned. Use 'const' instead.
2026-07-29 16:51:28.798 +0530 [warn] [33m⚠[39m app\app.js::491: 'order_prop' is never reassigned. Use 'const' instead.
2026-07-29 16:51:28.798 +0530 [warn] [33m⚠[39m app\app.js::493: Expected '!==' and instead saw '!='.
2026-07-29 16:51:28.798 +0530 [warn] [33m⚠[39m app\app.js::501: 'parentdiv' is never reassigned. Use 'const' instead.
2026-07-29 16:51:28.798 +0530 [warn] [33m⚠[39m app\app.js::510: Expected '===' and instead saw '=='.
2026-07-29 16:51:28.798 +0530 [warn] [33m⚠[39m app\app.js::514: Expected '===' and instead saw '=='.
2026-07-29 16:51:28.799 +0530 [warn] [33m⚠[39m app\app.js::522: 'itemattr' is never reassigned. Use 'const' instead.
2026-07-29 16:51:28.799 +0530 [warn] [33m⚠[39m app\app.js::532: Function 'bindItemAttrValue' has a complexity of 13. Maximum allowed is 7.
2026-07-29 16:51:28.799 +0530 [warn] [33m⚠[39m app\app.js::536: 'parentdiv' is never reassigned. Use 'const' instead.
2026-07-29 16:51:28.799 +0530 [warn] [33m⚠[39m app\app.js::556: Expected '===' and instead saw '=='.
2026-07-29 16:51:28.799 +0530 [warn] [33m⚠[39m app\app.js::559: Expected '===' and instead saw '=='.
2026-07-29 16:51:28.799 +0530 [warn] [33m⚠[39m app\app.js::568: Expected '===' and instead saw '=='.
2026-07-29 16:51:28.799 +0530 [warn] [33m⚠[39m app\app.js::571: Expected '===' and instead saw '=='.
2026-07-29 16:51:28.800 +0530 [warn] [33m⚠[39m app\app.js::588: 'item_card' is never reassigned. Use 'const' instead.
2026-07-29 16:51:28.800 +0530 [warn] [33m⚠[39m app\app.js::593: 'itemCardElement' is never reassigned. Use 'const' instead.
2026-07-29 16:51:28.800 +0530 [warn] [33m⚠[39m app\app.js::604: 'spinner' is never reassigned. Use 'const' instead.
2026-07-29 16:51:28.800 +0530 [warn] [33m⚠[39m app\app.js::653: Function 'elementCreate' has a complexity of 10. Maximum allowed is 7.
2026-07-29 16:51:28.801 +0530 [warn] [33m⚠[39m app\app.js::654: 'el_obj' is never reassigned. Use 'const' instead.
2026-07-29 16:51:28.802 +0530 [warn] [33m⚠[39m app\app.js::673: 'table' is never reassigned. Use 'const' instead.
2026-07-29 16:51:28.802 +0530 [warn] [33m⚠[39m app\app.js::673: 'parentdiv' is never reassigned. Use 'const' instead.
2026-07-29 16:51:28.802 +0530 [warn] [33m⚠[39m app\app.js::684: 'table11' is never reassigned. Use 'const' instead.
2026-07-29 16:51:28.802 +0530 [warn] [33m⚠[39m app\app.js::686: 'tr11' is never reassigned. Use 'const' instead.
2026-07-29 16:51:28.802 +0530 [warn] [33m⚠[39m app\app.js::688: 'td12' is never reassigned. Use 'const' instead.
2026-07-29 16:51:28.803 +0530 [warn] [33m⚠[39m app\app.js::689: 'table1' is never reassigned. Use 'const' instead.
2026-07-29 16:51:28.803 +0530 [warn] [33m⚠[39m app\app.js::690: 'tr1' is never reassigned. Use 'const' instead.
2026-07-29 16:51:28.803 +0530 [warn] [33m⚠[39m app\app.js::691: 'td1' is never reassigned. Use 'const' instead.
2026-07-29 16:51:28.803 +0530 [warn] [33m⚠[39m app\app.js::694: 'tr2' is never reassigned. Use 'const' instead.
2026-07-29 16:51:28.803 +0530 [warn] [33m⚠[39m app\app.js::695: 'td2' is never reassigned. Use 'const' instead.
2026-07-29 16:51:28.803 +0530 [warn] [33m⚠[39m app\app.js::698: 'tr44' is never reassigned. Use 'const' instead.
2026-07-29 16:51:28.803 +0530 [warn] [33m⚠[39m app\app.js::699: 'td44' is never reassigned. Use 'const' instead.
2026-07-29 16:51:28.804 +0530 [warn] [33m⚠[39m app\app.js::723: 'item_card_attr' is never reassigned. Use 'const' instead.
2026-07-29 16:51:28.804 +0530 [warn] [33m⚠[39m app\app.js::750: Function has a complexity of 9. Maximum allowed is 7.
2026-07-29 16:51:28.804 +0530 [warn] [33m⚠[39m app\app.js::773: Expected '!==' and instead saw '!='.
2026-07-29 16:51:28.804 +0530 [warn] [33m⚠[39m app\app.js::804: Expected '===' and instead saw '=='.
2026-07-29 16:51:28.804 +0530 [warn] [33m⚠[39m app\app.js::804: Expected '===' and instead saw '=='.
2026-07-29 16:51:28.804 +0530 [warn] [33m⚠[39m app\app.js::813: Expected '===' and instead saw '=='.
2026-07-29 16:51:28.805 +0530 [warn] [33m⚠[39m app\app.js::813: Expected '===' and instead saw '=='.
2026-07-29 16:51:28.805 +0530 [warn] [33m⚠[39m app\app.js::829: Expected '===' and instead saw '=='.
2026-07-29 16:51:28.805 +0530 [warn] [33m⚠[39m app\app.js::829: Expected '===' and instead saw '=='.
2026-07-29 16:51:28.805 +0530 [warn] [33m⚠[39m app\app.js::866: Function 'itemCardAttr' has a complexity of 9. Maximum allowed is 7.
2026-07-29 16:51:28.805 +0530 [warn] [33m⚠[39m app\app.js::871: 'parentdiv' is never reassigned. Use 'const' instead.
2026-07-29 16:51:28.805 +0530 [warn] [33m⚠[39m app\app.js::873: 'item_prop' is never reassigned. Use 'const' instead.
2026-07-29 16:51:28.805 +0530 [warn] [33m⚠[39m app\app.js::875: 'table' is never reassigned. Use 'const' instead.
2026-07-29 16:51:28.805 +0530 [warn] [33m⚠[39m app\app.js::882: 'val_attr' is never reassigned. Use 'const' instead.
2026-07-29 16:51:28.805 +0530 [warn] [33m⚠[39m app\app.js::883: 'ship_meth' is never reassigned. Use 'const' instead.
2026-07-29 16:51:28.805 +0530 [warn] [33m⚠[39m app\app.js::884: 'pay_attr' is never reassigned. Use 'const' instead.
2026-07-29 16:51:28.805 +0530 [warn] [33m⚠[39m app\app.js::894: Expected '===' and instead saw '=='.
2026-07-29 16:51:28.806 +0530 [warn] [33m⚠[39m app\app.js::898: Expected '===' and instead saw '=='.
2026-07-29 16:51:28.806 +0530 [warn] [33m⚠[39m app\app.js::902: Expected '===' and instead saw '=='.
2026-07-29 16:51:28.806 +0530 [warn] [33m⚠[39m app\app.js::924: 'stock_orders_id' is never reassigned. Use 'const' instead.
2026-07-29 16:51:28.806 +0530 [warn] [33m⚠[39m app\app.js::925: 'table' is never reassigned. Use 'const' instead.
2026-07-29 16:51:28.806 +0530 [warn] [33m⚠[39m app\app.js::932: 'tr' is never reassigned. Use 'const' instead.
2026-07-29 16:51:28.806 +0530 [warn] [33m⚠[39m app\app.js::932: 'td' is never reassigned. Use 'const' instead.
2026-07-29 16:51:28.806 +0530 [warn] [33m⚠[39m app\app.js::935: 'table11' is never reassigned. Use 'const' instead.
2026-07-29 16:51:28.806 +0530 [warn] [33m⚠[39m app\app.js::937: 'tr11' is never reassigned. Use 'const' instead.
2026-07-29 16:51:28.806 +0530 [warn] [33m⚠[39m app\app.js::939: 'td12' is never reassigned. Use 'const' instead.
2026-07-29 16:51:28.806 +0530 [warn] [33m⚠[39m app\app.js::940: 'table1' is never reassigned. Use 'const' instead.
2026-07-29 16:51:28.807 +0530 [warn] [33m⚠[39m app\app.js::941: 'tr1_' is never reassigned. Use 'const' instead.
2026-07-29 16:51:28.807 +0530 [warn] [33m⚠[39m app\app.js::942: 'td1_' is never reassigned. Use 'const' instead.
2026-07-29 16:51:28.807 +0530 [warn] [33m⚠[39m app\app.js::944: 'b1_' is never reassigned. Use 'const' instead.
2026-07-29 16:51:28.807 +0530 [warn] [33m⚠[39m app\app.js::949: 'tr1' is never reassigned. Use 'const' instead.
2026-07-29 16:51:28.807 +0530 [warn] [33m⚠[39m app\app.js::950: 'td1' is never reassigned. Use 'const' instead.
2026-07-29 16:51:28.807 +0530 [warn] [33m⚠[39m app\app.js::952: 'b9_' is never reassigned. Use 'const' instead.
2026-07-29 16:51:28.807 +0530 [warn] [33m⚠[39m app\app.js::957: 'tr2' is never reassigned. Use 'const' instead.
2026-07-29 16:51:28.807 +0530 [warn] [33m⚠[39m app\app.js::958: 'td2' is never reassigned. Use 'const' instead.
2026-07-29 16:51:28.808 +0530 [warn] [33m⚠[39m app\app.js::960: 'b2_' is never reassigned. Use 'const' instead.
2026-07-29 16:51:28.808 +0530 [warn] [33m⚠[39m app\app.js::965: 'tr44' is never reassigned. Use 'const' instead.
2026-07-29 16:51:28.812 +0530 [warn] [33m⚠[39m app\app.js::966: 'td44' is never reassigned. Use 'const' instead.
2026-07-29 16:51:28.812 +0530 [warn] [33m⚠[39m app\app.js::968: 'b3_' is never reassigned. Use 'const' instead.
2026-07-29 16:51:28.812 +0530 [warn] [33m⚠[39m app\app.js::975: Expected '!==' and instead saw '!='.
2026-07-29 16:51:28.812 +0530 [warn] [33m⚠[39m app\app.js::976: 'tr45' is never reassigned. Use 'const' instead.
2026-07-29 16:51:28.812 +0530 [warn] [33m⚠[39m app\app.js::977: 'td45' is never reassigned. Use 'const' instead.
2026-07-29 16:51:28.812 +0530 [warn] [33m⚠[39m app\app.js::979: 'b4_' is never reassigned. Use 'const' instead.
2026-07-29 16:51:28.812 +0530 [warn] [33m⚠[39m app\app.js::986: 'tr49' is never reassigned. Use 'const' instead.
2026-07-29 16:51:28.812 +0530 [warn] [33m⚠[39m app\app.js::987: 'td49' is never reassigned. Use 'const' instead.
2026-07-29 16:51:28.812 +0530 [warn] [33m⚠[39m app\app.js::989: 'b5_' is never reassigned. Use 'const' instead.
2026-07-29 16:51:28.812 +0530 [warn] [33m⚠[39m app\app.js::997: 'tr45' is never reassigned. Use 'const' instead.
2026-07-29 16:51:28.812 +0530 [warn] [33m⚠[39m app\app.js::998: 'td45' is never reassigned. Use 'const' instead.
2026-07-29 16:51:28.812 +0530 [warn] [33m⚠[39m app\app.js::1003: 'tr49' is never reassigned. Use 'const' instead.
2026-07-29 16:51:28.812 +0530 [warn] [33m⚠[39m app\app.js::1004: 'td49' is never reassigned. Use 'const' instead.
2026-07-29 16:51:28.812 +0530 [warn] [33m⚠[39m app\app.js::1010: 'tr46' is never reassigned. Use 'const' instead.
2026-07-29 16:51:28.812 +0530 [warn] [33m⚠[39m app\app.js::1011: 'td46' is never reassigned. Use 'const' instead.
2026-07-29 16:51:28.812 +0530 [warn] [33m⚠[39m app\app.js::1013: 'b6_' is never reassigned. Use 'const' instead.
2026-07-29 16:51:28.812 +0530 [warn] [33m⚠[39m app\app.js::1020: 'tr47' is never reassigned. Use 'const' instead.
2026-07-29 16:51:28.812 +0530 [warn] [33m⚠[39m app\app.js::1021: 'td47' is never reassigned. Use 'const' instead.
2026-07-29 16:51:28.812 +0530 [warn] [33m⚠[39m app\app.js::1023: 'b7_' is never reassigned. Use 'const' instead.
2026-07-29 16:51:28.812 +0530 [warn] [33m⚠[39m app\app.js::1030: 'tr48' is never reassigned. Use 'const' instead.
2026-07-29 16:51:28.813 +0530 [warn] [33m⚠[39m app\app.js::1031: 'td48' is never reassigned. Use 'const' instead.
2026-07-29 16:51:28.813 +0530 [warn] [33m⚠[39m app\app.js::1033: 'b8_' is never reassigned. Use 'const' instead.
2026-07-29 16:51:28.813 +0530 [warn] 
2026-07-29 16:51:28.813 +0530 [info] ================================================================
2026-07-29 16:51:28.813 +0530 [info] |                      Validation Summary                      |
2026-07-29 16:51:28.813 +0530 [info] ================================================================
2026-07-29 16:51:28.813 +0530 [info] | [1;31mTotal Platform Errors: 2[0m                                     |
2026-07-29 16:51:28.813 +0530 [info] | [1;31mTotal Lint Errors    : 46[0m                                    |
2026-07-29 16:51:28.813 +0530 [info] | [1;33mTotal Warnings       : 111[0m                                   |
2026-07-29 16:51:28.813 +0530 [info] ================================================================

2026-07-29 16:51:28.814 +0530 [info] [32m✔[39m Validation Successful
2026-07-29 16:51:28.855 +0530 [debug] (report.js) Generating hash for report.json file
2026-07-29 17:56:07.378 +0530 [debug] (configs.js) loaded default configs as "{"updates":{"manifest_url":"https://cdn.freshdev.io/assets/fdk/updates.json","changelog_url":"https://cdn.freshdev.io/assets/fdk/change-log.json","period":24},"log":{"level":"info"},"javascript":{"ecma_version":2020},"request":{"timeout":15000,"maxFilesPerRequest":5},"global_apps":{"enabled":true},"easel":{"enabled":false},"job":{"timeout":120000},"av_scan":{"status":"SAFE"}}"
2026-07-29 17:56:07.379 +0530 [debug] (configs.js) loaded global configs as "{"global_apps":{"enabled":"true"},"request":{"timeout":15000},"job":{"timeout":120000}}"
2026-07-29 17:56:07.379 +0530 [debug] (configs.js) loaded local configs as "{"request":{"timeout":15000},"job":{"timeout":120000},"global_apps":{"enabled":"true"}}"
2026-07-29 17:56:07.379 +0530 [debug] (configs.js) loaded env configs as "{"updates":{},"log":{},"javascript":{},"request":{"timeout":15000,"maxFilesPerRequest":5},"job":{"timeout":120000},"av_scan":{"status":"SAFE"}}"
2026-07-29 17:56:07.379 +0530 [debug] (configs.js) loaded resolved configs as "{"updates":{"manifest_url":"https://cdn.freshdev.io/assets/fdk/updates.json","changelog_url":"https://cdn.freshdev.io/assets/fdk/change-log.json","period":24},"log":{"level":"info"},"javascript":{"ecma_version":2020},"request":{"timeout":15000,"maxFilesPerRequest":5},"global_apps":{"enabled":"true"},"easel":{"enabled":false},"job":{"timeout":120000},"av_scan":{"status":"SAFE"}}"
2026-07-29 17:56:07.379 +0530 [debug] (logger.js) Starting FDK in node v24.11.0 on win32
2026-07-29 17:56:07.379 +0530 [debug] (sequelize.js) setting up sqilite at "C:\plenty-markets/.fdk/store.sqlite"
2026-07-29 17:56:07.379 +0530 [debug] (data.js) Read {"version_details":{"cli":{"deprecated":{"version":"<9","message":"This FDK version has been deprecated. There will be no further feature updates to this version. For a seamless app-building experience, ensure to move to the latest FDK version. For more information, see https://developers.freshworks.com/docs/app-sdk/v2.3/freshdesk/migration-guide/#migrate-to-the-latest-platform-version."},"forced":{"version":"7.0.0","command":"npm install https://dl.freshdev.io/cli/fdk-7.0.0.tgz -g","message":"Your FDK version has been forced updated to v7.0.0, please visit https://community.developers.freshworks.com/t/fdk-v7-0-announcing-node-js-v12-and-es6-support/3606 to know more"},"latest":{"version":"10.1.8","command":"npm install https://cdn.freshdev.io/fdk/latest-v24.tgz -g","message":"You are on the latest FDK version. For information on the features available as part of this FDK version, see https://developers.freshworks.com/docs/?tab=modules."}},"addon":{"version":"2.2.9","url":"https://cdn.freshdev.io/assets/fdk/addons/addon.zip"}},"last_updated":{"time_stamp":1785320337121}}
2026-07-29 17:56:07.379 +0530 [debug] (updater.js) last check less than 24 hours ago, not looking for updates
2026-07-29 17:56:07.381 +0530 [debug] (index.js) running with opts {}
2026-07-29 17:56:07.465 +0530 [debug] (data.js) Read {"version_details":{"cli":{"deprecated":{"version":"<9","message":"This FDK version has been deprecated. There will be no further feature updates to this version. For a seamless app-building experience, ensure to move to the latest FDK version. For more information, see https://developers.freshworks.com/docs/app-sdk/v2.3/freshdesk/migration-guide/#migrate-to-the-latest-platform-version."},"forced":{"version":"7.0.0","command":"npm install https://dl.freshdev.io/cli/fdk-7.0.0.tgz -g","message":"Your FDK version has been forced updated to v7.0.0, please visit https://community.developers.freshworks.com/t/fdk-v7-0-announcing-node-js-v12-and-es6-support/3606 to know more"},"latest":{"version":"10.1.8","command":"npm install https://cdn.freshdev.io/fdk/latest-v24.tgz -g","message":"You are on the latest FDK version. For information on the features available as part of this FDK version, see https://developers.freshworks.com/docs/?tab=modules."}},"addon":{"version":"2.2.9","url":"https://cdn.freshdev.io/assets/fdk/addons/addon.zip"}},"last_updated":{"time_stamp":1785320337121}}
2026-07-29 17:56:07.467 +0530 [debug] (manifest.js) Reloading manifest with {"platform-version":"3.0","modules":{"common":{"requests":{"login":{},"validateCredentials":{},"getWorkitem":{},"getOrderNumberItems":{}}},"support_ticket":{"location":{"ticket_sidebar":{"url":"template.html","icon":"icon.svg"}}}},"engines":{"node":"24.11.0","fdk":"10.1.8"}}.
2026-07-29 17:56:07.467 +0530 [debug] (manifest.js) Inferred db as features.
2026-07-29 17:56:07.488 +0530 [debug] (data.js) Read {"version_details":{"cli":{"deprecated":{"version":"<9","message":"This FDK version has been deprecated. There will be no further feature updates to this version. For a seamless app-building experience, ensure to move to the latest FDK version. For more information, see https://developers.freshworks.com/docs/app-sdk/v2.3/freshdesk/migration-guide/#migrate-to-the-latest-platform-version."},"forced":{"version":"7.0.0","command":"npm install https://dl.freshdev.io/cli/fdk-7.0.0.tgz -g","message":"Your FDK version has been forced updated to v7.0.0, please visit https://community.developers.freshworks.com/t/fdk-v7-0-announcing-node-js-v12-and-es6-support/3606 to know more"},"latest":{"version":"10.1.8","command":"npm install https://cdn.freshdev.io/fdk/latest-v24.tgz -g","message":"You are on the latest FDK version. For information on the features available as part of this FDK version, see https://developers.freshworks.com/docs/?tab=modules."}},"addon":{"version":"2.2.9","url":"https://cdn.freshdev.io/assets/fdk/addons/addon.zip"}},"last_updated":{"time_stamp":1785320337121}}
2026-07-29 17:56:07.636 +0530 [debug] (coverage.js) INIT: About to merge initial coverage data with 0 files
2026-07-29 17:56:07.636 +0530 [debug] (coverage.js) INIT: After merge - Files in map: 0
2026-07-29 17:56:07.683 +0530 [debug] (index.js) Initializing AJV schemas from individual files
2026-07-29 17:56:07.683 +0530 [debug] (index.js) Compiling schemas...
2026-07-29 17:56:07.695 +0530 [debug] (index.js) All schemas compiled successfully
2026-07-29 17:56:07.726 +0530 [debug] (index.js) loading model at "C:\Users\user\AppData\Roaming\nvm\v24.11.0\node_modules\@freshworks\fdk\lib\models\bigint-pivot.js"
2026-07-29 17:56:07.727 +0530 [debug] (index.js) loading model at "C:\Users\user\AppData\Roaming\nvm\v24.11.0\node_modules\@freshworks\fdk\lib\models\entity-field-choice.js"
2026-07-29 17:56:07.727 +0530 [debug] (index.js) loading model at "C:\Users\user\AppData\Roaming\nvm\v24.11.0\node_modules\@freshworks\fdk\lib\models\entity-field.js"
2026-07-29 17:56:07.728 +0530 [debug] (index.js) loading model at "C:\Users\user\AppData\Roaming\nvm\v24.11.0\node_modules\@freshworks\fdk\lib\models\entity.js"
2026-07-29 17:56:07.729 +0530 [debug] (index.js) loading model at "C:\Users\user\AppData\Roaming\nvm\v24.11.0\node_modules\@freshworks\fdk\lib\models\files.js"
2026-07-29 17:56:07.729 +0530 [debug] (index.js) loading model at "C:\Users\user\AppData\Roaming\nvm\v24.11.0\node_modules\@freshworks\fdk\lib\models\oauth-details.js"
2026-07-29 17:56:07.730 +0530 [debug] (index.js) loading model at "C:\Users\user\AppData\Roaming\nvm\v24.11.0\node_modules\@freshworks\fdk\lib\models\record.js"
2026-07-29 17:56:07.731 +0530 [debug] (index.js) loading model at "C:\Users\user\AppData\Roaming\nvm\v24.11.0\node_modules\@freshworks\fdk\lib\models\string-pivot.js"
2026-07-29 17:56:07.786 +0530 [debug] (index.js) 'schema: ' [object Object]
2026-07-29 17:56:07.792 +0530 [debug] (index.js) 'schema: ' [object Object]
2026-07-29 17:56:07.793 +0530 [debug] (index.js) 'schema: ' [object Object]
2026-07-29 17:56:07.793 +0530 [debug] (index.js) 'schema: ' [object Object]
2026-07-29 17:56:07.794 +0530 [debug] (index.js) 'schema: ' [object Object]
2026-07-29 17:56:07.795 +0530 [debug] (index.js) 'schema: ' [object Object]
2026-07-29 17:56:07.796 +0530 [debug] (index.js) 'schema: ' [object Object]
2026-07-29 17:56:07.801 +0530 [debug] (index.js) 'schema: ' [object Object]
2026-07-29 17:56:07.801 +0530 [debug] (index.js) 'schema: ' [object Object]
2026-07-29 17:56:07.801 +0530 [debug] (index.js) 'schema: ' [object Object]
2026-07-29 17:56:07.805 +0530 [debug] (index.js) 'schema: ' [object Object]
2026-07-29 17:56:07.807 +0530 [debug] (index.js) 'schema: ' [object Object]
2026-07-29 17:56:07.809 +0530 [debug] (index.js) 'schema: ' [object Object]
2026-07-29 17:56:07.809 +0530 [debug] (index.js) 'schema: ' [object Object]
2026-07-29 17:56:07.809 +0530 [debug] (index.js) 'schema: ' [object Object]
2026-07-29 17:56:07.811 +0530 [debug] (index.js) 'schema: ' [object Object]
2026-07-29 17:56:07.813 +0530 [debug] (index.js) 'schema: ' [object Object]
2026-07-29 17:56:07.821 +0530 [debug] (index.js) 'schema: ' [object Object]
2026-07-29 17:56:07.979 +0530 [debug] (data.js) Read {"version_details":{"cli":{"deprecated":{"version":"<9","message":"This FDK version has been deprecated. There will be no further feature updates to this version. For a seamless app-building experience, ensure to move to the latest FDK version. For more information, see https://developers.freshworks.com/docs/app-sdk/v2.3/freshdesk/migration-guide/#migrate-to-the-latest-platform-version."},"forced":{"version":"7.0.0","command":"npm install https://dl.freshdev.io/cli/fdk-7.0.0.tgz -g","message":"Your FDK version has been forced updated to v7.0.0, please visit https://community.developers.freshworks.com/t/fdk-v7-0-announcing-node-js-v12-and-es6-support/3606 to know more"},"latest":{"version":"10.1.8","command":"npm install https://cdn.freshdev.io/fdk/latest-v24.tgz -g","message":"You are on the latest FDK version. For information on the features available as part of this FDK version, see https://developers.freshworks.com/docs/?tab=modules."}},"addon":{"version":"2.2.9","url":"https://cdn.freshdev.io/assets/fdk/addons/addon.zip"}},"last_updated":{"time_stamp":1785320337121}}
2026-07-29 17:56:08.605 +0530 [debug] (validate.js) asked to skip the following validations, 
2026-07-29 17:56:08.605 +0530 [debug] (validate.js) running validator actions
2026-07-29 17:56:08.605 +0530 [debug] (validate.js) running validator requests
2026-07-29 17:56:08.605 +0530 [debug] (requests.js) validating request template for "login"
2026-07-29 17:56:08.605 +0530 [debug] (validate.js) running validator app-dir
2026-07-29 17:56:08.606 +0530 [debug] (validate.js) running validator config-dir
2026-07-29 17:56:08.606 +0530 [debug] (config-dir.js) Checking to see if C:\plenty-markets/config/ exists.
2026-07-29 17:56:08.606 +0530 [debug] (config-dir.js) Fetched the following config files iparams.html,requests.json
2026-07-29 17:56:08.606 +0530 [debug] (validate.js) running validator custom-objects
2026-07-29 17:56:08.606 +0530 [debug] (validate.js) running validator event
2026-07-29 17:56:08.606 +0530 [debug] (validate.js) running validator iparam
2026-07-29 17:56:08.627 +0530 [debug] (validate.js) running validator lint
2026-07-29 17:56:08.627 +0530 [debug] (lint.js) passed fix flag: undefined
2026-07-29 17:56:08.628 +0530 [debug] (lint.js) Running the following lints on the file app\app.js : no-eval,no-alert,no-debugger,no-unreachable,no-duplicate-imports,constructor-super,for-direction,no-class-assign,no-new-native-nonconstructor,valid-typeof,no-eq-null,no-var,require-await,no-unreachable-loop,no-redeclare,no-self-assign,no-setter-return,no-shadow-restricted-names,no-this-before-super,no-unsafe-finally,no-unsafe-optional-chaining,no-unused-vars,no-useless-catch,eqeqeq,prefer-const,require-yield,no-global-assign,no-caller,no-process-env,complexity,max-nested-callbacks,handle-callback-err,getter-return,no-async-promise-executor,no-case-declarations,no-compare-neg-zero,no-cond-assign,no-const-assign,no-constant-condition,no-control-regex,no-delete-var,no-dupe-args,no-dupe-class-members,no-dupe-else-if,no-dupe-keys,no-duplicate-case,no-empty,no-empty-character-class,no-empty-pattern,no-ex-assign,no-extra-boolean-cast,no-extra-semi,no-fallthrough,no-func-assign,no-import-assign,no-inner-declarations,no-invalid-regexp,no-irregular-whitespace,no-loss-of-precision,no-misleading-character-class,no-mixed-spaces-and-tabs,no-nonoctal-decimal-escape,no-obj-calls,no-octal,no-prototype-builtins,no-regex-spaces,no-sparse-arrays,no-unexpected-multiline,no-unsafe-negation,no-unused-labels,no-useless-backreference,no-useless-escape,no-with,use-isnan,no-unpkg-cdn,no-proxy-requests,no-unhandled-promise,no-logging-rejections,no-non-client-request-model,no-deprecated-apis,no-cross-scope-assign,no-empty-function
2026-07-29 17:56:08.754 +0530 [debug] (lint.js) Running the following lints on the file app\js\index.js : no-eval,no-alert,no-debugger,no-unreachable,no-duplicate-imports,constructor-super,for-direction,no-class-assign,no-new-native-nonconstructor,valid-typeof,no-eq-null,no-var,require-await,no-unreachable-loop,no-redeclare,no-self-assign,no-setter-return,no-shadow-restricted-names,no-this-before-super,no-unsafe-finally,no-unsafe-optional-chaining,no-unused-vars,no-useless-catch,eqeqeq,prefer-const,require-yield,no-global-assign,no-caller,no-process-env,complexity,max-nested-callbacks,handle-callback-err,getter-return,no-async-promise-executor,no-case-declarations,no-compare-neg-zero,no-cond-assign,no-const-assign,no-constant-condition,no-control-regex,no-delete-var,no-dupe-args,no-dupe-class-members,no-dupe-else-if,no-dupe-keys,no-duplicate-case,no-empty,no-empty-character-class,no-empty-pattern,no-ex-assign,no-extra-boolean-cast,no-extra-semi,no-fallthrough,no-func-assign,no-import-assign,no-inner-declarations,no-invalid-regexp,no-irregular-whitespace,no-loss-of-precision,no-misleading-character-class,no-mixed-spaces-and-tabs,no-nonoctal-decimal-escape,no-obj-calls,no-octal,no-prototype-builtins,no-regex-spaces,no-sparse-arrays,no-unexpected-multiline,no-unsafe-negation,no-unused-labels,no-useless-backreference,no-useless-escape,no-with,use-isnan,no-unpkg-cdn,no-proxy-requests,no-unhandled-promise,no-logging-rejections,no-non-client-request-model,no-deprecated-apis,no-cross-scope-assign,no-empty-function
2026-07-29 17:56:08.775 +0530 [debug] (validate.js) running validator manifest
2026-07-29 17:56:08.775 +0530 [debug] (validate.js) skipping validator manifest-dependency
2026-07-29 17:56:08.775 +0530 [debug] (validate.js) running validator manifest-scripts
2026-07-29 17:56:08.775 +0530 [debug] (validate.js) running validator oauth
2026-07-29 17:56:08.775 +0530 [debug] (validate.js) skipping validator pkgsize
2026-07-29 17:56:08.775 +0530 [debug] (validate.js) running validator schema
2026-07-29 17:56:08.775 +0530 [debug] (validate.js) running validator version-check
2026-07-29 17:56:08.776 +0530 [debug] (validate.js) running validator app-settings
2026-07-29 17:56:08.777 +0530 [debug] (http.js) Failed to parse URL: https://<%= iparam.SWdomain %>, error: Invalid URL
2026-07-29 17:56:08.777 +0530 [debug] (requests.js) validating request template for "validateCredentials"
2026-07-29 17:56:08.779 +0530 [debug] (http.js) Failed to parse URL: https://<%= context.domain %>, error: Invalid URL
2026-07-29 17:56:08.780 +0530 [debug] (requests.js) validating request template for "getWorkitem"
2026-07-29 17:56:08.780 +0530 [debug] (http.js) Failed to parse URL: https://<%= iparam.SWdomain %>, error: Invalid URL
2026-07-29 17:56:08.780 +0530 [debug] (http.js) Failed to parse URL: https://<%= iparam.SWdomain %>, error: Invalid URL
2026-07-29 17:56:08.780 +0530 [debug] (request.js) Checking request template for multi-oauth app
2026-07-29 17:56:08.780 +0530 [debug] (requests.js) validating request template for "getOrderNumberItems"
2026-07-29 17:56:08.780 +0530 [debug] (http.js) Failed to parse URL: https://<%= iparam.SWdomain %>, error: Invalid URL
2026-07-29 17:56:08.780 +0530 [debug] (http.js) Failed to parse URL: https://<%= context.domain %>, error: Invalid URL
2026-07-29 17:56:08.780 +0530 [debug] (request.js) Checking request template for multi-oauth app
2026-07-29 17:56:08.780 +0530 [debug] (http.js) Failed to parse URL: https://<%= iparam.SWdomain %>, error: Invalid URL
2026-07-29 17:56:08.780 +0530 [debug] (request.js) Checking request template for multi-oauth app
2026-07-29 17:56:08.780 +0530 [debug] (http.js) Failed to parse URL: https://<%= iparam.SWdomain %>, error: Invalid URL
2026-07-29 17:56:08.780 +0530 [debug] (request.js) Checking request template for multi-oauth app
2026-07-29 17:56:08.782 +0530 [error] The local server could not be started due to the following issue(s):
2026-07-29 17:56:08.782 +0530 [error] 
2026-07-29 17:56:08.783 +0530 [error] Lint errors:
2026-07-29 17:56:08.783 +0530 [error] [31m✖[39m app\app.js::1: Unexpected var, use let or const instead.
2026-07-29 17:56:08.783 +0530 [error] [31m✖[39m app\app.js::39: Unexpected var, use let or const instead.
2026-07-29 17:56:08.783 +0530 [error] [31m✖[39m app\app.js::50: Unexpected var, use let or const instead.
2026-07-29 17:56:08.783 +0530 [error] [31m✖[39m app\app.js::65: Unexpected var, use let or const instead.
2026-07-29 17:56:08.783 +0530 [error] [31m✖[39m app\app.js::86: Unexpected var, use let or const instead.
2026-07-29 17:56:08.783 +0530 [error] [31m✖[39m app\app.js::90: Unexpected var, use let or const instead.
2026-07-29 17:56:08.783 +0530 [error] [31m✖[39m app\app.js::94: Unexpected var, use let or const instead.
2026-07-29 17:56:08.783 +0530 [error] [31m✖[39m app\app.js::107: Unexpected var, use let or const instead.
2026-07-29 17:56:08.783 +0530 [error] [31m✖[39m app\app.js::127: Unexpected var, use let or const instead.
2026-07-29 17:56:08.784 +0530 [error] [31m✖[39m app\app.js::182: Unexpected var, use let or const instead.
2026-07-29 17:56:08.784 +0530 [error] [31m✖[39m app\app.js::198: Unexpected var, use let or const instead.
2026-07-29 17:56:08.784 +0530 [error] [31m✖[39m app\app.js::218: Unexpected var, use let or const instead.
2026-07-29 17:56:08.784 +0530 [error] [31m✖[39m app\app.js::284: 'searchOrderbyID' is defined but never used.
2026-07-29 17:56:08.784 +0530 [error] [31m✖[39m app\app.js::386: Unexpected var, use let or const instead.
2026-07-29 17:56:08.784 +0530 [error] [31m✖[39m app\app.js::392: Unexpected var, use let or const instead.
2026-07-29 17:56:08.784 +0530 [error] [31m✖[39m app\app.js::395: Unexpected var, use let or const instead.
2026-07-29 17:56:08.784 +0530 [error] [31m✖[39m app\app.js::489: Unexpected var, use let or const instead.
2026-07-29 17:56:08.785 +0530 [error] [31m✖[39m app\app.js::505: Unexpected var, use let or const instead.
2026-07-29 17:56:08.785 +0530 [error] [31m✖[39m app\app.js::534: Unexpected var, use let or const instead.
2026-07-29 17:56:08.785 +0530 [error] [31m✖[39m app\app.js::535: Unexpected var, use let or const instead.
2026-07-29 17:56:08.785 +0530 [error] [31m✖[39m app\app.js::540: Unexpected var, use let or const instead.
2026-07-29 17:56:08.785 +0530 [error] [31m✖[39m app\app.js::594: Unexpected var, use let or const instead.
2026-07-29 17:56:08.785 +0530 [error] [31m✖[39m app\app.js::595: Unexpected var, use let or const instead.
2026-07-29 17:56:08.785 +0530 [error] [31m✖[39m app\app.js::598: Unexpected var, use let or const instead.
2026-07-29 17:56:08.785 +0530 [error] [31m✖[39m app\app.js::613: Unexpected var, use let or const instead.
2026-07-29 17:56:08.785 +0530 [error] [31m✖[39m app\app.js::772: Unexpected var, use let or const instead.
2026-07-29 17:56:08.785 +0530 [error] [31m✖[39m app\app.js::774: Unexpected var, use let or const instead.
2026-07-29 17:56:08.785 +0530 [error] [31m✖[39m app\app.js::818: Unexpected var, use let or const instead.
2026-07-29 17:56:08.785 +0530 [error] [31m✖[39m app\app.js::834: Unexpected var, use let or const instead.
2026-07-29 17:56:08.785 +0530 [error] [31m✖[39m app\app.js::834: 'span1' is already defined.
2026-07-29 17:56:08.785 +0530 [error] [31m✖[39m app\app.js::849: Unexpected var, use let or const instead.
2026-07-29 17:56:08.785 +0530 [error] [31m✖[39m app\app.js::849: 'span1' is already defined.
2026-07-29 17:56:08.786 +0530 [error] [31m✖[39m app\app.js::868: Unexpected var, use let or const instead.
2026-07-29 17:56:08.786 +0530 [error] [31m✖[39m app\app.js::869: Unexpected var, use let or const instead.
2026-07-29 17:56:08.786 +0530 [error] [31m✖[39m app\app.js::877: Unexpected var, use let or const instead.
2026-07-29 17:56:08.786 +0530 [error] [31m✖[39m app\app.js::975: Use '===' to compare with null.
2026-07-29 17:56:08.786 +0530 [error] [31m✖[39m app\app.js::1056: Unexpected var, use let or const instead.
2026-07-29 17:56:08.786 +0530 [error] [31m✖[39m app\app.js::1057: Unexpected var, use let or const instead.
2026-07-29 17:56:08.786 +0530 [error] [31m✖[39m app\js\index.js::5: Unexpected var, use let or const instead.
2026-07-29 17:56:08.786 +0530 [error] [31m✖[39m app\js\index.js::6: Unexpected var, use let or const instead.
2026-07-29 17:56:08.786 +0530 [error] [31m✖[39m app\js\index.js::10: Unexpected var, use let or const instead.
2026-07-29 17:56:08.786 +0530 [error] [31m✖[39m app\js\index.js::18: Unexpected var, use let or const instead.
2026-07-29 17:56:08.786 +0530 [error] [31m✖[39m app\js\index.js::21: Unexpected var, use let or const instead.
2026-07-29 17:56:08.787 +0530 [error] [31m✖[39m app\js\index.js::22: Unexpected var, use let or const instead.
2026-07-29 17:56:08.787 +0530 [error] [31m✖[39m app\js\index.js::23: Unexpected var, use let or const instead.
2026-07-29 17:56:08.787 +0530 [error] [31m✖[39m app\js\index.js::24: Unexpected var, use let or const instead.
2026-07-29 17:56:08.787 +0530 [error] 
2026-07-29 17:56:08.787 +0530 [warn] Please ensure that the following are addressed for quick review process:
2026-07-29 17:56:08.787 +0530 [warn] [33m⚠[39m app\app.js::66: 'authToken' declared and assigned in different scopes. Possible asynchronous race condition.
2026-07-29 17:56:08.787 +0530 [warn] [33m⚠[39m app\app.js::92: 'authToken' declared and assigned in different scopes. Possible asynchronous race condition.
2026-07-29 17:56:08.787 +0530 [warn] [33m⚠[39m app\app.js::128: Expected '!==' and instead saw '!='.
2026-07-29 17:56:08.787 +0530 [warn] [33m⚠[39m app\app.js::146: 'order_p' is never reassigned. Use 'const' instead.
2026-07-29 17:56:08.787 +0530 [warn] [33m⚠[39m app\app.js::148: Expected '!==' and instead saw '!='.
2026-07-29 17:56:08.787 +0530 [warn] [33m⚠[39m app\app.js::154: 'item_p' is never reassigned. Use 'const' instead.
2026-07-29 17:56:08.787 +0530 [warn] [33m⚠[39m app\app.js::156: Expected '!==' and instead saw '!='.
2026-07-29 17:56:08.788 +0530 [warn] [33m⚠[39m app\app.js::176: 'store_div' is never reassigned. Use 'const' instead.
2026-07-29 17:56:08.788 +0530 [warn] [33m⚠[39m app\app.js::219: Expected '===' and instead saw '=='.
2026-07-29 17:56:08.788 +0530 [warn] [33m⚠[39m app\app.js::244: 'orderNumber' declared and assigned in different scopes. Possible asynchronous race condition.
2026-07-29 17:56:08.788 +0530 [warn] [33m⚠[39m app\app.js::259: 'resp' is never reassigned. Use 'const' instead.
2026-07-29 17:56:08.788 +0530 [warn] [33m⚠[39m app\app.js::260: Expected '!==' and instead saw '!='.
2026-07-29 17:56:08.788 +0530 [warn] [33m⚠[39m app\app.js::286: 'orderNumber' declared and assigned in different scopes. Possible asynchronous race condition.
2026-07-29 17:56:08.788 +0530 [warn] [33m⚠[39m app\app.js::300: Expected '===' and instead saw '=='.
2026-07-29 17:56:08.788 +0530 [warn] [33m⚠[39m app\app.js::311: 'resp' is never reassigned. Use 'const' instead.
2026-07-29 17:56:08.788 +0530 [warn] [33m⚠[39m app\app.js::314: Expected '!==' and instead saw '!='.
2026-07-29 17:56:08.788 +0530 [warn] [33m⚠[39m app\app.js::358: Expected '===' and instead saw '=='.
2026-07-29 17:56:08.789 +0530 [warn] [33m⚠[39m app\app.js::400: Expected '===' and instead saw '=='.
2026-07-29 17:56:08.789 +0530 [warn] [33m⚠[39m app\app.js::412: Expected '!==' and instead saw '!='.
2026-07-29 17:56:08.789 +0530 [warn] [33m⚠[39m app\app.js::427: 'item_card' is never reassigned. Use 'const' instead.
2026-07-29 17:56:08.789 +0530 [warn] [33m⚠[39m app\app.js::438: 'stock_orders_id' is never reassigned. Use 'const' instead.
2026-07-29 17:56:08.789 +0530 [warn] [33m⚠[39m app\app.js::467: 'sw_store' is never reassigned. Use 'const' instead.
2026-07-29 17:56:08.789 +0530 [warn] [33m⚠[39m app\app.js::487: 'more_order_det' is never reassigned. Use 'const' instead.
2026-07-29 17:56:08.789 +0530 [warn] [33m⚠[39m app\app.js::491: 'order_prop' is never reassigned. Use 'const' instead.
2026-07-29 17:56:08.789 +0530 [warn] [33m⚠[39m app\app.js::493: Expected '!==' and instead saw '!='.
2026-07-29 17:56:08.789 +0530 [warn] [33m⚠[39m app\app.js::501: 'parentdiv' is never reassigned. Use 'const' instead.
2026-07-29 17:56:08.789 +0530 [warn] [33m⚠[39m app\app.js::510: Expected '===' and instead saw '=='.
2026-07-29 17:56:08.789 +0530 [warn] [33m⚠[39m app\app.js::514: Expected '===' and instead saw '=='.
2026-07-29 17:56:08.789 +0530 [warn] [33m⚠[39m app\app.js::522: 'itemattr' is never reassigned. Use 'const' instead.
2026-07-29 17:56:08.789 +0530 [warn] [33m⚠[39m app\app.js::532: Function 'bindItemAttrValue' has a complexity of 13. Maximum allowed is 7.
2026-07-29 17:56:08.790 +0530 [warn] [33m⚠[39m app\app.js::536: 'parentdiv' is never reassigned. Use 'const' instead.
2026-07-29 17:56:08.790 +0530 [warn] [33m⚠[39m app\app.js::556: Expected '===' and instead saw '=='.
2026-07-29 17:56:08.790 +0530 [warn] [33m⚠[39m app\app.js::559: Expected '===' and instead saw '=='.
2026-07-29 17:56:08.790 +0530 [warn] [33m⚠[39m app\app.js::568: Expected '===' and instead saw '=='.
2026-07-29 17:56:08.790 +0530 [warn] [33m⚠[39m app\app.js::571: Expected '===' and instead saw '=='.
2026-07-29 17:56:08.790 +0530 [warn] [33m⚠[39m app\app.js::588: 'item_card' is never reassigned. Use 'const' instead.
2026-07-29 17:56:08.791 +0530 [warn] [33m⚠[39m app\app.js::593: 'itemCardElement' is never reassigned. Use 'const' instead.
2026-07-29 17:56:08.791 +0530 [warn] [33m⚠[39m app\app.js::604: 'spinner' is never reassigned. Use 'const' instead.
2026-07-29 17:56:08.791 +0530 [warn] [33m⚠[39m app\app.js::653: Function 'elementCreate' has a complexity of 10. Maximum allowed is 7.
2026-07-29 17:56:08.791 +0530 [warn] [33m⚠[39m app\app.js::654: 'el_obj' is never reassigned. Use 'const' instead.
2026-07-29 17:56:08.791 +0530 [warn] [33m⚠[39m app\app.js::673: 'table' is never reassigned. Use 'const' instead.
2026-07-29 17:56:08.791 +0530 [warn] [33m⚠[39m app\app.js::673: 'parentdiv' is never reassigned. Use 'const' instead.
2026-07-29 17:56:08.791 +0530 [warn] [33m⚠[39m app\app.js::684: 'table11' is never reassigned. Use 'const' instead.
2026-07-29 17:56:08.792 +0530 [warn] [33m⚠[39m app\app.js::686: 'tr11' is never reassigned. Use 'const' instead.
2026-07-29 17:56:08.792 +0530 [warn] [33m⚠[39m app\app.js::688: 'td12' is never reassigned. Use 'const' instead.
2026-07-29 17:56:08.792 +0530 [warn] [33m⚠[39m app\app.js::689: 'table1' is never reassigned. Use 'const' instead.
2026-07-29 17:56:08.792 +0530 [warn] [33m⚠[39m app\app.js::690: 'tr1' is never reassigned. Use 'const' instead.
2026-07-29 17:56:08.792 +0530 [warn] [33m⚠[39m app\app.js::691: 'td1' is never reassigned. Use 'const' instead.
2026-07-29 17:56:08.792 +0530 [warn] [33m⚠[39m app\app.js::694: 'tr2' is never reassigned. Use 'const' instead.
2026-07-29 17:56:08.792 +0530 [warn] [33m⚠[39m app\app.js::695: 'td2' is never reassigned. Use 'const' instead.
2026-07-29 17:56:08.792 +0530 [warn] [33m⚠[39m app\app.js::698: 'tr44' is never reassigned. Use 'const' instead.
2026-07-29 17:56:08.792 +0530 [warn] [33m⚠[39m app\app.js::699: 'td44' is never reassigned. Use 'const' instead.
2026-07-29 17:56:08.792 +0530 [warn] [33m⚠[39m app\app.js::723: 'item_card_attr' is never reassigned. Use 'const' instead.
2026-07-29 17:56:08.792 +0530 [warn] [33m⚠[39m app\app.js::750: Function has a complexity of 9. Maximum allowed is 7.
2026-07-29 17:56:08.792 +0530 [warn] [33m⚠[39m app\app.js::773: Expected '!==' and instead saw '!='.
2026-07-29 17:56:08.792 +0530 [warn] [33m⚠[39m app\app.js::804: Expected '===' and instead saw '=='.
2026-07-29 17:56:08.792 +0530 [warn] [33m⚠[39m app\app.js::804: Expected '===' and instead saw '=='.
2026-07-29 17:56:08.792 +0530 [warn] [33m⚠[39m app\app.js::813: Expected '===' and instead saw '=='.
2026-07-29 17:56:08.792 +0530 [warn] [33m⚠[39m app\app.js::813: Expected '===' and instead saw '=='.
2026-07-29 17:56:08.792 +0530 [warn] [33m⚠[39m app\app.js::829: Expected '===' and instead saw '=='.
2026-07-29 17:56:08.792 +0530 [warn] [33m⚠[39m app\app.js::829: Expected '===' and instead saw '=='.
2026-07-29 17:56:08.793 +0530 [warn] [33m⚠[39m app\app.js::866: Function 'itemCardAttr' has a complexity of 9. Maximum allowed is 7.
2026-07-29 17:56:08.793 +0530 [warn] [33m⚠[39m app\app.js::871: 'parentdiv' is never reassigned. Use 'const' instead.
2026-07-29 17:56:08.793 +0530 [warn] [33m⚠[39m app\app.js::873: 'item_prop' is never reassigned. Use 'const' instead.
2026-07-29 17:56:08.793 +0530 [warn] [33m⚠[39m app\app.js::875: 'table' is never reassigned. Use 'const' instead.
2026-07-29 17:56:08.794 +0530 [warn] [33m⚠[39m app\app.js::882: 'val_attr' is never reassigned. Use 'const' instead.
2026-07-29 17:56:08.794 +0530 [warn] [33m⚠[39m app\app.js::883: 'ship_meth' is never reassigned. Use 'const' instead.
2026-07-29 17:56:08.794 +0530 [warn] [33m⚠[39m app\app.js::884: 'pay_attr' is never reassigned. Use 'const' instead.
2026-07-29 17:56:08.794 +0530 [warn] [33m⚠[39m app\app.js::894: Expected '===' and instead saw '=='.
2026-07-29 17:56:08.794 +0530 [warn] [33m⚠[39m app\app.js::898: Expected '===' and instead saw '=='.
2026-07-29 17:56:08.795 +0530 [warn] [33m⚠[39m app\app.js::902: Expected '===' and instead saw '=='.
2026-07-29 17:56:08.795 +0530 [warn] [33m⚠[39m app\app.js::924: 'stock_orders_id' is never reassigned. Use 'const' instead.
2026-07-29 17:56:08.795 +0530 [warn] [33m⚠[39m app\app.js::925: 'table' is never reassigned. Use 'const' instead.
2026-07-29 17:56:08.795 +0530 [warn] [33m⚠[39m app\app.js::932: 'tr' is never reassigned. Use 'const' instead.
2026-07-29 17:56:08.795 +0530 [warn] [33m⚠[39m app\app.js::932: 'td' is never reassigned. Use 'const' instead.
2026-07-29 17:56:08.795 +0530 [warn] [33m⚠[39m app\app.js::935: 'table11' is never reassigned. Use 'const' instead.
2026-07-29 17:56:08.796 +0530 [warn] [33m⚠[39m app\app.js::937: 'tr11' is never reassigned. Use 'const' instead.
2026-07-29 17:56:08.796 +0530 [warn] [33m⚠[39m app\app.js::939: 'td12' is never reassigned. Use 'const' instead.
2026-07-29 17:56:08.796 +0530 [warn] [33m⚠[39m app\app.js::940: 'table1' is never reassigned. Use 'const' instead.
2026-07-29 17:56:08.796 +0530 [warn] [33m⚠[39m app\app.js::941: 'tr1_' is never reassigned. Use 'const' instead.
2026-07-29 17:56:08.796 +0530 [warn] [33m⚠[39m app\app.js::942: 'td1_' is never reassigned. Use 'const' instead.
2026-07-29 17:56:08.796 +0530 [warn] [33m⚠[39m app\app.js::944: 'b1_' is never reassigned. Use 'const' instead.
2026-07-29 17:56:08.796 +0530 [warn] [33m⚠[39m app\app.js::949: 'tr1' is never reassigned. Use 'const' instead.
2026-07-29 17:56:08.796 +0530 [warn] [33m⚠[39m app\app.js::950: 'td1' is never reassigned. Use 'const' instead.
2026-07-29 17:56:08.796 +0530 [warn] [33m⚠[39m app\app.js::952: 'b9_' is never reassigned. Use 'const' instead.
2026-07-29 17:56:08.796 +0530 [warn] [33m⚠[39m app\app.js::957: 'tr2' is never reassigned. Use 'const' instead.
2026-07-29 17:56:08.796 +0530 [warn] [33m⚠[39m app\app.js::958: 'td2' is never reassigned. Use 'const' instead.
2026-07-29 17:56:08.796 +0530 [warn] [33m⚠[39m app\app.js::960: 'b2_' is never reassigned. Use 'const' instead.
2026-07-29 17:56:08.797 +0530 [warn] [33m⚠[39m app\app.js::965: 'tr44' is never reassigned. Use 'const' instead.
2026-07-29 17:56:08.797 +0530 [warn] [33m⚠[39m app\app.js::966: 'td44' is never reassigned. Use 'const' instead.
2026-07-29 17:56:08.797 +0530 [warn] [33m⚠[39m app\app.js::968: 'b3_' is never reassigned. Use 'const' instead.
2026-07-29 17:56:08.797 +0530 [warn] [33m⚠[39m app\app.js::975: Expected '!==' and instead saw '!='.
2026-07-29 17:56:08.801 +0530 [warn] [33m⚠[39m app\app.js::976: 'tr45' is never reassigned. Use 'const' instead.
2026-07-29 17:56:08.801 +0530 [warn] [33m⚠[39m app\app.js::977: 'td45' is never reassigned. Use 'const' instead.
2026-07-29 17:56:08.801 +0530 [warn] [33m⚠[39m app\app.js::979: 'b4_' is never reassigned. Use 'const' instead.
2026-07-29 17:56:08.801 +0530 [warn] [33m⚠[39m app\app.js::986: 'tr49' is never reassigned. Use 'const' instead.
2026-07-29 17:56:08.801 +0530 [warn] [33m⚠[39m app\app.js::987: 'td49' is never reassigned. Use 'const' instead.
2026-07-29 17:56:08.801 +0530 [warn] [33m⚠[39m app\app.js::989: 'b5_' is never reassigned. Use 'const' instead.
2026-07-29 17:56:08.801 +0530 [warn] [33m⚠[39m app\app.js::997: 'tr45' is never reassigned. Use 'const' instead.
2026-07-29 17:56:08.801 +0530 [warn] [33m⚠[39m app\app.js::998: 'td45' is never reassigned. Use 'const' instead.
2026-07-29 17:56:08.801 +0530 [warn] [33m⚠[39m app\app.js::1003: 'tr49' is never reassigned. Use 'const' instead.
2026-07-29 17:56:08.801 +0530 [warn] [33m⚠[39m app\app.js::1004: 'td49' is never reassigned. Use 'const' instead.
2026-07-29 17:56:08.801 +0530 [warn] [33m⚠[39m app\app.js::1010: 'tr46' is never reassigned. Use 'const' instead.
2026-07-29 17:56:08.801 +0530 [warn] [33m⚠[39m app\app.js::1011: 'td46' is never reassigned. Use 'const' instead.
2026-07-29 17:56:08.801 +0530 [warn] [33m⚠[39m app\app.js::1013: 'b6_' is never reassigned. Use 'const' instead.
2026-07-29 17:56:08.801 +0530 [warn] [33m⚠[39m app\app.js::1020: 'tr47' is never reassigned. Use 'const' instead.
2026-07-29 17:56:08.801 +0530 [warn] [33m⚠[39m app\app.js::1021: 'td47' is never reassigned. Use 'const' instead.
2026-07-29 17:56:08.801 +0530 [warn] [33m⚠[39m app\app.js::1023: 'b7_' is never reassigned. Use 'const' instead.
2026-07-29 17:56:08.801 +0530 [warn] [33m⚠[39m app\app.js::1030: 'tr48' is never reassigned. Use 'const' instead.
2026-07-29 17:56:08.801 +0530 [warn] [33m⚠[39m app\app.js::1031: 'td48' is never reassigned. Use 'const' instead.
2026-07-29 17:56:08.801 +0530 [warn] [33m⚠[39m app\app.js::1033: 'b8_' is never reassigned. Use 'const' instead.
2026-07-29 17:56:08.801 +0530 [warn] 
2026-07-29 17:56:08.843 +0530 [debug] (report.js) Generating hash for report.json file
2026-07-29 18:06:33.109 +0530 [debug] (configs.js) loaded default configs as "{"updates":{"manifest_url":"https://cdn.freshdev.io/assets/fdk/updates.json","changelog_url":"https://cdn.freshdev.io/assets/fdk/change-log.json","period":24},"log":{"level":"info"},"javascript":{"ecma_version":2020},"request":{"timeout":15000,"maxFilesPerRequest":5},"global_apps":{"enabled":true},"easel":{"enabled":false},"job":{"timeout":120000},"av_scan":{"status":"SAFE"}}"
2026-07-29 18:06:33.110 +0530 [debug] (configs.js) loaded global configs as "{"global_apps":{"enabled":"true"},"request":{"timeout":15000},"job":{"timeout":120000}}"
2026-07-29 18:06:33.110 +0530 [debug] (configs.js) loaded local configs as "{"request":{"timeout":15000},"job":{"timeout":120000},"global_apps":{"enabled":"true"}}"
2026-07-29 18:06:33.110 +0530 [debug] (configs.js) loaded env configs as "{"updates":{},"log":{},"javascript":{},"request":{"timeout":15000,"maxFilesPerRequest":5},"job":{"timeout":120000},"av_scan":{"status":"SAFE"}}"
2026-07-29 18:06:33.110 +0530 [debug] (configs.js) loaded resolved configs as "{"updates":{"manifest_url":"https://cdn.freshdev.io/assets/fdk/updates.json","changelog_url":"https://cdn.freshdev.io/assets/fdk/change-log.json","period":24},"log":{"level":"info"},"javascript":{"ecma_version":2020},"request":{"timeout":15000,"maxFilesPerRequest":5},"global_apps":{"enabled":"true"},"easel":{"enabled":false},"job":{"timeout":120000},"av_scan":{"status":"SAFE"}}"
2026-07-29 18:06:33.111 +0530 [debug] (logger.js) Starting FDK in node v24.11.0 on win32
2026-07-29 18:06:33.111 +0530 [debug] (sequelize.js) setting up sqilite at "C:\plenty-markets/.fdk/store.sqlite"
2026-07-29 18:06:33.111 +0530 [debug] (data.js) Read {"version_details":{"cli":{"deprecated":{"version":"<9","message":"This FDK version has been deprecated. There will be no further feature updates to this version. For a seamless app-building experience, ensure to move to the latest FDK version. For more information, see https://developers.freshworks.com/docs/app-sdk/v2.3/freshdesk/migration-guide/#migrate-to-the-latest-platform-version."},"forced":{"version":"7.0.0","command":"npm install https://dl.freshdev.io/cli/fdk-7.0.0.tgz -g","message":"Your FDK version has been forced updated to v7.0.0, please visit https://community.developers.freshworks.com/t/fdk-v7-0-announcing-node-js-v12-and-es6-support/3606 to know more"},"latest":{"version":"10.1.8","command":"npm install https://cdn.freshdev.io/fdk/latest-v24.tgz -g","message":"You are on the latest FDK version. For information on the features available as part of this FDK version, see https://developers.freshworks.com/docs/?tab=modules."}},"addon":{"version":"2.2.9","url":"https://cdn.freshdev.io/assets/fdk/addons/addon.zip"}},"last_updated":{"time_stamp":1785320337121}}
2026-07-29 18:06:33.111 +0530 [debug] (updater.js) last check less than 24 hours ago, not looking for updates
2026-07-29 18:06:33.113 +0530 [debug] (index.js) running with opts {}
2026-07-29 18:06:33.227 +0530 [debug] (data.js) Read {"version_details":{"cli":{"deprecated":{"version":"<9","message":"This FDK version has been deprecated. There will be no further feature updates to this version. For a seamless app-building experience, ensure to move to the latest FDK version. For more information, see https://developers.freshworks.com/docs/app-sdk/v2.3/freshdesk/migration-guide/#migrate-to-the-latest-platform-version."},"forced":{"version":"7.0.0","command":"npm install https://dl.freshdev.io/cli/fdk-7.0.0.tgz -g","message":"Your FDK version has been forced updated to v7.0.0, please visit https://community.developers.freshworks.com/t/fdk-v7-0-announcing-node-js-v12-and-es6-support/3606 to know more"},"latest":{"version":"10.1.8","command":"npm install https://cdn.freshdev.io/fdk/latest-v24.tgz -g","message":"You are on the latest FDK version. For information on the features available as part of this FDK version, see https://developers.freshworks.com/docs/?tab=modules."}},"addon":{"version":"2.2.9","url":"https://cdn.freshdev.io/assets/fdk/addons/addon.zip"}},"last_updated":{"time_stamp":1785320337121}}
2026-07-29 18:06:33.228 +0530 [debug] (manifest.js) Reloading manifest with {"platform-version":"3.0","modules":{"common":{"requests":{"login":{},"validateCredentials":{},"getWorkitem":{},"getOrderNumberItems":{}}},"support_ticket":{"location":{"ticket_sidebar":{"url":"template.html","icon":"icon.svg"}}}},"engines":{"node":"24.11.0","fdk":"10.1.8"}}.
2026-07-29 18:06:33.229 +0530 [debug] (manifest.js) Inferred db as features.
2026-07-29 18:06:33.251 +0530 [debug] (data.js) Read {"version_details":{"cli":{"deprecated":{"version":"<9","message":"This FDK version has been deprecated. There will be no further feature updates to this version. For a seamless app-building experience, ensure to move to the latest FDK version. For more information, see https://developers.freshworks.com/docs/app-sdk/v2.3/freshdesk/migration-guide/#migrate-to-the-latest-platform-version."},"forced":{"version":"7.0.0","command":"npm install https://dl.freshdev.io/cli/fdk-7.0.0.tgz -g","message":"Your FDK version has been forced updated to v7.0.0, please visit https://community.developers.freshworks.com/t/fdk-v7-0-announcing-node-js-v12-and-es6-support/3606 to know more"},"latest":{"version":"10.1.8","command":"npm install https://cdn.freshdev.io/fdk/latest-v24.tgz -g","message":"You are on the latest FDK version. For information on the features available as part of this FDK version, see https://developers.freshworks.com/docs/?tab=modules."}},"addon":{"version":"2.2.9","url":"https://cdn.freshdev.io/assets/fdk/addons/addon.zip"}},"last_updated":{"time_stamp":1785320337121}}
2026-07-29 18:06:33.401 +0530 [debug] (coverage.js) INIT: About to merge initial coverage data with 0 files
2026-07-29 18:06:33.401 +0530 [debug] (coverage.js) INIT: After merge - Files in map: 0
2026-07-29 18:06:33.447 +0530 [debug] (index.js) Initializing AJV schemas from individual files
2026-07-29 18:06:33.447 +0530 [debug] (index.js) Compiling schemas...
2026-07-29 18:06:33.458 +0530 [debug] (index.js) All schemas compiled successfully
2026-07-29 18:06:33.485 +0530 [debug] (index.js) loading model at "C:\Users\user\AppData\Roaming\nvm\v24.11.0\node_modules\@freshworks\fdk\lib\models\bigint-pivot.js"
2026-07-29 18:06:33.486 +0530 [debug] (index.js) loading model at "C:\Users\user\AppData\Roaming\nvm\v24.11.0\node_modules\@freshworks\fdk\lib\models\entity-field-choice.js"
2026-07-29 18:06:33.486 +0530 [debug] (index.js) loading model at "C:\Users\user\AppData\Roaming\nvm\v24.11.0\node_modules\@freshworks\fdk\lib\models\entity-field.js"
2026-07-29 18:06:33.487 +0530 [debug] (index.js) loading model at "C:\Users\user\AppData\Roaming\nvm\v24.11.0\node_modules\@freshworks\fdk\lib\models\entity.js"
2026-07-29 18:06:33.487 +0530 [debug] (index.js) loading model at "C:\Users\user\AppData\Roaming\nvm\v24.11.0\node_modules\@freshworks\fdk\lib\models\files.js"
2026-07-29 18:06:33.488 +0530 [debug] (index.js) loading model at "C:\Users\user\AppData\Roaming\nvm\v24.11.0\node_modules\@freshworks\fdk\lib\models\oauth-details.js"
2026-07-29 18:06:33.488 +0530 [debug] (index.js) loading model at "C:\Users\user\AppData\Roaming\nvm\v24.11.0\node_modules\@freshworks\fdk\lib\models\record.js"
2026-07-29 18:06:33.490 +0530 [debug] (index.js) loading model at "C:\Users\user\AppData\Roaming\nvm\v24.11.0\node_modules\@freshworks\fdk\lib\models\string-pivot.js"
2026-07-29 18:06:33.546 +0530 [debug] (index.js) 'schema: ' [object Object]
2026-07-29 18:06:33.551 +0530 [debug] (index.js) 'schema: ' [object Object]
2026-07-29 18:06:33.552 +0530 [debug] (index.js) 'schema: ' [object Object]
2026-07-29 18:06:33.552 +0530 [debug] (index.js) 'schema: ' [object Object]
2026-07-29 18:06:33.554 +0530 [debug] (index.js) 'schema: ' [object Object]
2026-07-29 18:06:33.555 +0530 [debug] (index.js) 'schema: ' [object Object]
2026-07-29 18:06:33.556 +0530 [debug] (index.js) 'schema: ' [object Object]
2026-07-29 18:06:33.562 +0530 [debug] (index.js) 'schema: ' [object Object]
2026-07-29 18:06:33.562 +0530 [debug] (index.js) 'schema: ' [object Object]
2026-07-29 18:06:33.563 +0530 [debug] (index.js) 'schema: ' [object Object]
2026-07-29 18:06:33.567 +0530 [debug] (index.js) 'schema: ' [object Object]
2026-07-29 18:06:33.569 +0530 [debug] (index.js) 'schema: ' [object Object]
2026-07-29 18:06:33.571 +0530 [debug] (index.js) 'schema: ' [object Object]
2026-07-29 18:06:33.571 +0530 [debug] (index.js) 'schema: ' [object Object]
2026-07-29 18:06:33.572 +0530 [debug] (index.js) 'schema: ' [object Object]
2026-07-29 18:06:33.573 +0530 [debug] (index.js) 'schema: ' [object Object]
2026-07-29 18:06:33.575 +0530 [debug] (index.js) 'schema: ' [object Object]
2026-07-29 18:06:33.583 +0530 [debug] (index.js) 'schema: ' [object Object]
2026-07-29 18:06:33.744 +0530 [debug] (data.js) Read {"version_details":{"cli":{"deprecated":{"version":"<9","message":"This FDK version has been deprecated. There will be no further feature updates to this version. For a seamless app-building experience, ensure to move to the latest FDK version. For more information, see https://developers.freshworks.com/docs/app-sdk/v2.3/freshdesk/migration-guide/#migrate-to-the-latest-platform-version."},"forced":{"version":"7.0.0","command":"npm install https://dl.freshdev.io/cli/fdk-7.0.0.tgz -g","message":"Your FDK version has been forced updated to v7.0.0, please visit https://community.developers.freshworks.com/t/fdk-v7-0-announcing-node-js-v12-and-es6-support/3606 to know more"},"latest":{"version":"10.1.8","command":"npm install https://cdn.freshdev.io/fdk/latest-v24.tgz -g","message":"You are on the latest FDK version. For information on the features available as part of this FDK version, see https://developers.freshworks.com/docs/?tab=modules."}},"addon":{"version":"2.2.9","url":"https://cdn.freshdev.io/assets/fdk/addons/addon.zip"}},"last_updated":{"time_stamp":1785320337121}}
2026-07-29 18:06:34.355 +0530 [debug] (validate.js) asked to skip the following validations, 
2026-07-29 18:06:34.355 +0530 [debug] (validate.js) running validator actions
2026-07-29 18:06:34.356 +0530 [debug] (validate.js) running validator requests
2026-07-29 18:06:34.356 +0530 [debug] (requests.js) validating request template for "login"
2026-07-29 18:06:34.356 +0530 [debug] (validate.js) running validator app-dir
2026-07-29 18:06:34.356 +0530 [debug] (validate.js) running validator config-dir
2026-07-29 18:06:34.356 +0530 [debug] (config-dir.js) Checking to see if C:\plenty-markets/config/ exists.
2026-07-29 18:06:34.357 +0530 [debug] (config-dir.js) Fetched the following config files iparams.html,requests.json
2026-07-29 18:06:34.357 +0530 [debug] (validate.js) running validator custom-objects
2026-07-29 18:06:34.357 +0530 [debug] (validate.js) running validator event
2026-07-29 18:06:34.357 +0530 [debug] (validate.js) running validator iparam
2026-07-29 18:06:34.377 +0530 [debug] (validate.js) running validator lint
2026-07-29 18:06:34.377 +0530 [debug] (lint.js) passed fix flag: undefined
2026-07-29 18:06:34.379 +0530 [debug] (lint.js) Running the following lints on the file app\app.js : no-eval,no-alert,no-debugger,no-unreachable,no-duplicate-imports,constructor-super,for-direction,no-class-assign,no-new-native-nonconstructor,valid-typeof,no-eq-null,no-var,require-await,no-unreachable-loop,no-redeclare,no-self-assign,no-setter-return,no-shadow-restricted-names,no-this-before-super,no-unsafe-finally,no-unsafe-optional-chaining,no-unused-vars,no-useless-catch,eqeqeq,prefer-const,require-yield,no-global-assign,no-caller,no-process-env,complexity,max-nested-callbacks,handle-callback-err,getter-return,no-async-promise-executor,no-case-declarations,no-compare-neg-zero,no-cond-assign,no-const-assign,no-constant-condition,no-control-regex,no-delete-var,no-dupe-args,no-dupe-class-members,no-dupe-else-if,no-dupe-keys,no-duplicate-case,no-empty,no-empty-character-class,no-empty-pattern,no-ex-assign,no-extra-boolean-cast,no-extra-semi,no-fallthrough,no-func-assign,no-import-assign,no-inner-declarations,no-invalid-regexp,no-irregular-whitespace,no-loss-of-precision,no-misleading-character-class,no-mixed-spaces-and-tabs,no-nonoctal-decimal-escape,no-obj-calls,no-octal,no-prototype-builtins,no-regex-spaces,no-sparse-arrays,no-unexpected-multiline,no-unsafe-negation,no-unused-labels,no-useless-backreference,no-useless-escape,no-with,use-isnan,no-unpkg-cdn,no-proxy-requests,no-unhandled-promise,no-logging-rejections,no-non-client-request-model,no-deprecated-apis,no-cross-scope-assign,no-empty-function
2026-07-29 18:06:34.504 +0530 [debug] (lint.js) Running the following lints on the file app\js\index.js : no-eval,no-alert,no-debugger,no-unreachable,no-duplicate-imports,constructor-super,for-direction,no-class-assign,no-new-native-nonconstructor,valid-typeof,no-eq-null,no-var,require-await,no-unreachable-loop,no-redeclare,no-self-assign,no-setter-return,no-shadow-restricted-names,no-this-before-super,no-unsafe-finally,no-unsafe-optional-chaining,no-unused-vars,no-useless-catch,eqeqeq,prefer-const,require-yield,no-global-assign,no-caller,no-process-env,complexity,max-nested-callbacks,handle-callback-err,getter-return,no-async-promise-executor,no-case-declarations,no-compare-neg-zero,no-cond-assign,no-const-assign,no-constant-condition,no-control-regex,no-delete-var,no-dupe-args,no-dupe-class-members,no-dupe-else-if,no-dupe-keys,no-duplicate-case,no-empty,no-empty-character-class,no-empty-pattern,no-ex-assign,no-extra-boolean-cast,no-extra-semi,no-fallthrough,no-func-assign,no-import-assign,no-inner-declarations,no-invalid-regexp,no-irregular-whitespace,no-loss-of-precision,no-misleading-character-class,no-mixed-spaces-and-tabs,no-nonoctal-decimal-escape,no-obj-calls,no-octal,no-prototype-builtins,no-regex-spaces,no-sparse-arrays,no-unexpected-multiline,no-unsafe-negation,no-unused-labels,no-useless-backreference,no-useless-escape,no-with,use-isnan,no-unpkg-cdn,no-proxy-requests,no-unhandled-promise,no-logging-rejections,no-non-client-request-model,no-deprecated-apis,no-cross-scope-assign,no-empty-function
2026-07-29 18:06:34.527 +0530 [debug] (validate.js) running validator manifest
2026-07-29 18:06:34.527 +0530 [debug] (validate.js) skipping validator manifest-dependency
2026-07-29 18:06:34.527 +0530 [debug] (validate.js) running validator manifest-scripts
2026-07-29 18:06:34.527 +0530 [debug] (validate.js) running validator oauth
2026-07-29 18:06:34.527 +0530 [debug] (validate.js) skipping validator pkgsize
2026-07-29 18:06:34.528 +0530 [debug] (validate.js) running validator schema
2026-07-29 18:06:34.528 +0530 [debug] (validate.js) running validator version-check
2026-07-29 18:06:34.528 +0530 [debug] (validate.js) running validator app-settings
2026-07-29 18:06:34.529 +0530 [debug] (http.js) Failed to parse URL: https://<%= iparam.SWdomain %>, error: Invalid URL
2026-07-29 18:06:34.529 +0530 [debug] (requests.js) validating request template for "validateCredentials"
2026-07-29 18:06:34.531 +0530 [debug] (http.js) Failed to parse URL: https://<%= context.domain %>, error: Invalid URL
2026-07-29 18:06:34.532 +0530 [debug] (requests.js) validating request template for "getWorkitem"
2026-07-29 18:06:34.532 +0530 [debug] (http.js) Failed to parse URL: https://<%= iparam.SWdomain %>, error: Invalid URL
2026-07-29 18:06:34.532 +0530 [debug] (http.js) Failed to parse URL: https://<%= iparam.SWdomain %>, error: Invalid URL
2026-07-29 18:06:34.532 +0530 [debug] (request.js) Checking request template for multi-oauth app
2026-07-29 18:06:34.532 +0530 [debug] (requests.js) validating request template for "getOrderNumberItems"
2026-07-29 18:06:34.532 +0530 [debug] (http.js) Failed to parse URL: https://<%= iparam.SWdomain %>, error: Invalid URL
2026-07-29 18:06:34.532 +0530 [debug] (http.js) Failed to parse URL: https://<%= context.domain %>, error: Invalid URL
2026-07-29 18:06:34.532 +0530 [debug] (request.js) Checking request template for multi-oauth app
2026-07-29 18:06:34.532 +0530 [debug] (http.js) Failed to parse URL: https://<%= iparam.SWdomain %>, error: Invalid URL
2026-07-29 18:06:34.532 +0530 [debug] (request.js) Checking request template for multi-oauth app
2026-07-29 18:06:34.532 +0530 [debug] (http.js) Failed to parse URL: https://<%= iparam.SWdomain %>, error: Invalid URL
2026-07-29 18:06:34.532 +0530 [debug] (request.js) Checking request template for multi-oauth app
2026-07-29 18:06:34.534 +0530 [error] The local server could not be started due to the following issue(s):
2026-07-29 18:06:34.535 +0530 [error] 
2026-07-29 18:06:34.535 +0530 [error] Lint errors:
2026-07-29 18:06:34.535 +0530 [error] [31m✖[39m app\app.js::284: 'searchOrderbyID' is defined but never used.
2026-07-29 18:06:34.535 +0530 [error] [31m✖[39m app\app.js::975: Use '===' to compare with null.
2026-07-29 18:06:34.535 +0530 [error] [31m✖[39m app\js\index.js::5: Unexpected var, use let or const instead.
2026-07-29 18:06:34.535 +0530 [error] [31m✖[39m app\js\index.js::6: Unexpected var, use let or const instead.
2026-07-29 18:06:34.535 +0530 [error] [31m✖[39m app\js\index.js::10: Unexpected var, use let or const instead.
2026-07-29 18:06:34.535 +0530 [error] [31m✖[39m app\js\index.js::18: Unexpected var, use let or const instead.
2026-07-29 18:06:34.536 +0530 [error] [31m✖[39m app\js\index.js::21: Unexpected var, use let or const instead.
2026-07-29 18:06:34.536 +0530 [error] [31m✖[39m app\js\index.js::22: Unexpected var, use let or const instead.
2026-07-29 18:06:34.536 +0530 [error] [31m✖[39m app\js\index.js::23: Unexpected var, use let or const instead.
2026-07-29 18:06:34.536 +0530 [error] [31m✖[39m app\js\index.js::24: Unexpected var, use let or const instead.
2026-07-29 18:06:34.536 +0530 [error] 
2026-07-29 18:06:34.536 +0530 [warn] Please ensure that the following are addressed for quick review process:
2026-07-29 18:06:34.536 +0530 [warn] [33m⚠[39m app\app.js::1: 'mode' is never reassigned. Use 'const' instead.
2026-07-29 18:06:34.536 +0530 [warn] [33m⚠[39m app\app.js::65: 'auth' is never reassigned. Use 'const' instead.
2026-07-29 18:06:34.536 +0530 [warn] [33m⚠[39m app\app.js::66: 'authToken' declared and assigned in different scopes. Possible asynchronous race condition.
2026-07-29 18:06:34.537 +0530 [warn] [33m⚠[39m app\app.js::86: 'ctx' is never reassigned. Use 'const' instead.
2026-07-29 18:06:34.537 +0530 [warn] [33m⚠[39m app\app.js::90: 'status' is never reassigned. Use 'const' instead.
2026-07-29 18:06:34.537 +0530 [warn] [33m⚠[39m app\app.js::92: 'authToken' declared and assigned in different scopes. Possible asynchronous race condition.
2026-07-29 18:06:34.537 +0530 [warn] [33m⚠[39m app\app.js::94: 'retryCtx' is never reassigned. Use 'const' instead.
2026-07-29 18:06:34.537 +0530 [warn] [33m⚠[39m app\app.js::107: 'onInit' is never reassigned. Use 'const' instead.
2026-07-29 18:06:34.537 +0530 [warn] [33m⚠[39m app\app.js::127: 'target' is never reassigned. Use 'const' instead.
2026-07-29 18:06:34.537 +0530 [warn] [33m⚠[39m app\app.js::128: Expected '!==' and instead saw '!='.
2026-07-29 18:06:34.537 +0530 [warn] [33m⚠[39m app\app.js::146: 'order_p' is never reassigned. Use 'const' instead.
2026-07-29 18:06:34.537 +0530 [warn] [33m⚠[39m app\app.js::148: Expected '!==' and instead saw '!='.
2026-07-29 18:06:34.537 +0530 [warn] [33m⚠[39m app\app.js::154: 'item_p' is never reassigned. Use 'const' instead.
2026-07-29 18:06:34.537 +0530 [warn] [33m⚠[39m app\app.js::156: Expected '!==' and instead saw '!='.
2026-07-29 18:06:34.537 +0530 [warn] [33m⚠[39m app\app.js::176: 'store_div' is never reassigned. Use 'const' instead.
2026-07-29 18:06:34.538 +0530 [warn] [33m⚠[39m app\app.js::182: 'multiple_stores' is never reassigned. Use 'const' instead.
2026-07-29 18:06:34.538 +0530 [warn] [33m⚠[39m app\app.js::198: 'fetchData' is never reassigned. Use 'const' instead.
2026-07-29 18:06:34.538 +0530 [warn] [33m⚠[39m app\app.js::218: 'order' is never reassigned. Use 'const' instead.
2026-07-29 18:06:34.538 +0530 [warn] [33m⚠[39m app\app.js::219: Expected '===' and instead saw '=='.
2026-07-29 18:06:34.538 +0530 [warn] [33m⚠[39m app\app.js::244: 'orderNumber' declared and assigned in different scopes. Possible asynchronous race condition.
2026-07-29 18:06:34.538 +0530 [warn] [33m⚠[39m app\app.js::259: 'resp' is never reassigned. Use 'const' instead.
2026-07-29 18:06:34.538 +0530 [warn] [33m⚠[39m app\app.js::260: Expected '!==' and instead saw '!='.
2026-07-29 18:06:34.538 +0530 [warn] [33m⚠[39m app\app.js::286: 'orderNumber' declared and assigned in different scopes. Possible asynchronous race condition.
2026-07-29 18:06:34.538 +0530 [warn] [33m⚠[39m app\app.js::300: Expected '===' and instead saw '=='.
2026-07-29 18:06:34.538 +0530 [warn] [33m⚠[39m app\app.js::311: 'resp' is never reassigned. Use 'const' instead.
2026-07-29 18:06:34.538 +0530 [warn] [33m⚠[39m app\app.js::314: Expected '!==' and instead saw '!='.
2026-07-29 18:06:34.538 +0530 [warn] [33m⚠[39m app\app.js::358: Expected '===' and instead saw '=='.
2026-07-29 18:06:34.538 +0530 [warn] [33m⚠[39m app\app.js::386: 'order_l_div' is never reassigned. Use 'const' instead.
2026-07-29 18:06:34.538 +0530 [warn] [33m⚠[39m app\app.js::392: 'create_o' is never reassigned. Use 'const' instead.
2026-07-29 18:06:34.539 +0530 [warn] [33m⚠[39m app\app.js::400: Expected '===' and instead saw '=='.
2026-07-29 18:06:34.539 +0530 [warn] [33m⚠[39m app\app.js::412: Expected '!==' and instead saw '!='.
2026-07-29 18:06:34.539 +0530 [warn] [33m⚠[39m app\app.js::427: 'item_card' is never reassigned. Use 'const' instead.
2026-07-29 18:06:34.539 +0530 [warn] [33m⚠[39m app\app.js::438: 'stock_orders_id' is never reassigned. Use 'const' instead.
2026-07-29 18:06:34.539 +0530 [warn] [33m⚠[39m app\app.js::467: 'sw_store' is never reassigned. Use 'const' instead.
2026-07-29 18:06:34.539 +0530 [warn] [33m⚠[39m app\app.js::487: 'more_order_det' is never reassigned. Use 'const' instead.
2026-07-29 18:06:34.539 +0530 [warn] [33m⚠[39m app\app.js::489: 'attr_element' is never reassigned. Use 'const' instead.
2026-07-29 18:06:34.539 +0530 [warn] [33m⚠[39m app\app.js::491: 'order_prop' is never reassigned. Use 'const' instead.
2026-07-29 18:06:34.539 +0530 [warn] [33m⚠[39m app\app.js::493: Expected '!==' and instead saw '!='.
2026-07-29 18:06:34.539 +0530 [warn] [33m⚠[39m app\app.js::501: 'parentdiv' is never reassigned. Use 'const' instead.
2026-07-29 18:06:34.539 +0530 [warn] [33m⚠[39m app\app.js::510: Expected '===' and instead saw '=='.
2026-07-29 18:06:34.540 +0530 [warn] [33m⚠[39m app\app.js::514: Expected '===' and instead saw '=='.
2026-07-29 18:06:34.540 +0530 [warn] [33m⚠[39m app\app.js::522: 'itemattr' is never reassigned. Use 'const' instead.
2026-07-29 18:06:34.540 +0530 [warn] [33m⚠[39m app\app.js::532: Function 'bindItemAttrValue' has a complexity of 13. Maximum allowed is 7.
2026-07-29 18:06:34.540 +0530 [warn] [33m⚠[39m app\app.js::534: 'data2' is never reassigned. Use 'const' instead.
2026-07-29 18:06:34.540 +0530 [warn] [33m⚠[39m app\app.js::535: 'shipp' is never reassigned. Use 'const' instead.
2026-07-29 18:06:34.540 +0530 [warn] [33m⚠[39m app\app.js::536: 'parentdiv' is never reassigned. Use 'const' instead.
2026-07-29 18:06:34.540 +0530 [warn] [33m⚠[39m app\app.js::556: Expected '===' and instead saw '=='.
2026-07-29 18:06:34.540 +0530 [warn] [33m⚠[39m app\app.js::559: Expected '===' and instead saw '=='.
2026-07-29 18:06:34.541 +0530 [warn] [33m⚠[39m app\app.js::568: Expected '===' and instead saw '=='.
2026-07-29 18:06:34.541 +0530 [warn] [33m⚠[39m app\app.js::571: Expected '===' and instead saw '=='.
2026-07-29 18:06:34.541 +0530 [warn] [33m⚠[39m app\app.js::588: 'item_card' is never reassigned. Use 'const' instead.
2026-07-29 18:06:34.541 +0530 [warn] [33m⚠[39m app\app.js::593: 'itemCardElement' is never reassigned. Use 'const' instead.
2026-07-29 18:06:34.541 +0530 [warn] [33m⚠[39m app\app.js::594: 'items' is never reassigned. Use 'const' instead.
2026-07-29 18:06:34.541 +0530 [warn] [33m⚠[39m app\app.js::595: 'removeItems' is never reassigned. Use 'const' instead.
2026-07-29 18:06:34.541 +0530 [warn] [33m⚠[39m app\app.js::604: 'spinner' is never reassigned. Use 'const' instead.
2026-07-29 18:06:34.541 +0530 [warn] [33m⚠[39m app\app.js::653: Function 'elementCreate' has a complexity of 10. Maximum allowed is 7.
2026-07-29 18:06:34.541 +0530 [warn] [33m⚠[39m app\app.js::654: 'el_obj' is never reassigned. Use 'const' instead.
2026-07-29 18:06:34.541 +0530 [warn] [33m⚠[39m app\app.js::673: 'table' is never reassigned. Use 'const' instead.
2026-07-29 18:06:34.541 +0530 [warn] [33m⚠[39m app\app.js::673: 'parentdiv' is never reassigned. Use 'const' instead.
2026-07-29 18:06:34.541 +0530 [warn] [33m⚠[39m app\app.js::684: 'table11' is never reassigned. Use 'const' instead.
2026-07-29 18:06:34.541 +0530 [warn] [33m⚠[39m app\app.js::686: 'tr11' is never reassigned. Use 'const' instead.
2026-07-29 18:06:34.541 +0530 [warn] [33m⚠[39m app\app.js::688: 'td12' is never reassigned. Use 'const' instead.
2026-07-29 18:06:34.542 +0530 [warn] [33m⚠[39m app\app.js::689: 'table1' is never reassigned. Use 'const' instead.
2026-07-29 18:06:34.542 +0530 [warn] [33m⚠[39m app\app.js::690: 'tr1' is never reassigned. Use 'const' instead.
2026-07-29 18:06:34.542 +0530 [warn] [33m⚠[39m app\app.js::691: 'td1' is never reassigned. Use 'const' instead.
2026-07-29 18:06:34.542 +0530 [warn] [33m⚠[39m app\app.js::694: 'tr2' is never reassigned. Use 'const' instead.
2026-07-29 18:06:34.542 +0530 [warn] [33m⚠[39m app\app.js::695: 'td2' is never reassigned. Use 'const' instead.
2026-07-29 18:06:34.542 +0530 [warn] [33m⚠[39m app\app.js::698: 'tr44' is never reassigned. Use 'const' instead.
2026-07-29 18:06:34.542 +0530 [warn] [33m⚠[39m app\app.js::699: 'td44' is never reassigned. Use 'const' instead.
2026-07-29 18:06:34.542 +0530 [warn] [33m⚠[39m app\app.js::723: 'item_card_attr' is never reassigned. Use 'const' instead.
2026-07-29 18:06:34.542 +0530 [warn] [33m⚠[39m app\app.js::750: Function has a complexity of 9. Maximum allowed is 7.
2026-07-29 18:06:34.542 +0530 [warn] [33m⚠[39m app\app.js::772: 'payment' is never reassigned. Use 'const' instead.
2026-07-29 18:06:34.542 +0530 [warn] [33m⚠[39m app\app.js::773: Expected '!==' and instead saw '!='.
2026-07-29 18:06:34.542 +0530 [warn] [33m⚠[39m app\app.js::774: 'paymentStatus' is never reassigned. Use 'const' instead.
2026-07-29 18:06:34.542 +0530 [warn] [33m⚠[39m app\app.js::804: Expected '===' and instead saw '=='.
2026-07-29 18:06:34.542 +0530 [warn] [33m⚠[39m app\app.js::804: Expected '===' and instead saw '=='.
2026-07-29 18:06:34.542 +0530 [warn] [33m⚠[39m app\app.js::813: Expected '===' and instead saw '=='.
2026-07-29 18:06:34.543 +0530 [warn] [33m⚠[39m app\app.js::813: Expected '===' and instead saw '=='.
2026-07-29 18:06:34.543 +0530 [warn] [33m⚠[39m app\app.js::818: 'span1' is never reassigned. Use 'const' instead.
2026-07-29 18:06:34.543 +0530 [warn] [33m⚠[39m app\app.js::829: Expected '===' and instead saw '=='.
2026-07-29 18:06:34.543 +0530 [warn] [33m⚠[39m app\app.js::829: Expected '===' and instead saw '=='.
2026-07-29 18:06:34.543 +0530 [warn] [33m⚠[39m app\app.js::834: 'span1' is never reassigned. Use 'const' instead.
2026-07-29 18:06:34.543 +0530 [warn] [33m⚠[39m app\app.js::849: 'span1' is never reassigned. Use 'const' instead.
2026-07-29 18:06:34.543 +0530 [warn] [33m⚠[39m app\app.js::866: Function 'itemCardAttr' has a complexity of 9. Maximum allowed is 7.
2026-07-29 18:06:34.543 +0530 [warn] [33m⚠[39m app\app.js::868: 'data4' is never reassigned. Use 'const' instead.
2026-07-29 18:06:34.543 +0530 [warn] [33m⚠[39m app\app.js::869: 'data5' is never reassigned. Use 'const' instead.
2026-07-29 18:06:34.543 +0530 [warn] [33m⚠[39m app\app.js::871: 'parentdiv' is never reassigned. Use 'const' instead.
2026-07-29 18:06:34.544 +0530 [warn] [33m⚠[39m app\app.js::873: 'item_prop' is never reassigned. Use 'const' instead.
2026-07-29 18:06:34.544 +0530 [warn] [33m⚠[39m app\app.js::875: 'table' is never reassigned. Use 'const' instead.
2026-07-29 18:06:34.544 +0530 [warn] [33m⚠[39m app\app.js::882: 'val_attr' is never reassigned. Use 'const' instead.
2026-07-29 18:06:34.544 +0530 [warn] [33m⚠[39m app\app.js::883: 'ship_meth' is never reassigned. Use 'const' instead.
2026-07-29 18:06:34.544 +0530 [warn] [33m⚠[39m app\app.js::884: 'pay_attr' is never reassigned. Use 'const' instead.
2026-07-29 18:06:34.544 +0530 [warn] [33m⚠[39m app\app.js::894: Expected '===' and instead saw '=='.
2026-07-29 18:06:34.544 +0530 [warn] [33m⚠[39m app\app.js::898: Expected '===' and instead saw '=='.
2026-07-29 18:06:34.544 +0530 [warn] [33m⚠[39m app\app.js::902: Expected '===' and instead saw '=='.
2026-07-29 18:06:34.544 +0530 [warn] [33m⚠[39m app\app.js::924: 'stock_orders_id' is never reassigned. Use 'const' instead.
2026-07-29 18:06:34.544 +0530 [warn] [33m⚠[39m app\app.js::925: 'table' is never reassigned. Use 'const' instead.
2026-07-29 18:06:34.544 +0530 [warn] [33m⚠[39m app\app.js::932: 'tr' is never reassigned. Use 'const' instead.
2026-07-29 18:06:34.544 +0530 [warn] [33m⚠[39m app\app.js::932: 'td' is never reassigned. Use 'const' instead.
2026-07-29 18:06:34.544 +0530 [warn] [33m⚠[39m app\app.js::935: 'table11' is never reassigned. Use 'const' instead.
2026-07-29 18:06:34.544 +0530 [warn] [33m⚠[39m app\app.js::937: 'tr11' is never reassigned. Use 'const' instead.
2026-07-29 18:06:34.544 +0530 [warn] [33m⚠[39m app\app.js::939: 'td12' is never reassigned. Use 'const' instead.
2026-07-29 18:06:34.545 +0530 [warn] [33m⚠[39m app\app.js::940: 'table1' is never reassigned. Use 'const' instead.
2026-07-29 18:06:34.545 +0530 [warn] [33m⚠[39m app\app.js::941: 'tr1_' is never reassigned. Use 'const' instead.
2026-07-29 18:06:34.545 +0530 [warn] [33m⚠[39m app\app.js::942: 'td1_' is never reassigned. Use 'const' instead.
2026-07-29 18:06:34.545 +0530 [warn] [33m⚠[39m app\app.js::944: 'b1_' is never reassigned. Use 'const' instead.
2026-07-29 18:06:34.545 +0530 [warn] [33m⚠[39m app\app.js::949: 'tr1' is never reassigned. Use 'const' instead.
2026-07-29 18:06:34.546 +0530 [warn] [33m⚠[39m app\app.js::950: 'td1' is never reassigned. Use 'const' instead.
2026-07-29 18:06:34.546 +0530 [warn] [33m⚠[39m app\app.js::952: 'b9_' is never reassigned. Use 'const' instead.
2026-07-29 18:06:34.546 +0530 [warn] [33m⚠[39m app\app.js::957: 'tr2' is never reassigned. Use 'const' instead.
2026-07-29 18:06:34.546 +0530 [warn] [33m⚠[39m app\app.js::958: 'td2' is never reassigned. Use 'const' instead.
2026-07-29 18:06:34.546 +0530 [warn] [33m⚠[39m app\app.js::960: 'b2_' is never reassigned. Use 'const' instead.
2026-07-29 18:06:34.546 +0530 [warn] [33m⚠[39m app\app.js::965: 'tr44' is never reassigned. Use 'const' instead.
2026-07-29 18:06:34.547 +0530 [warn] [33m⚠[39m app\app.js::966: 'td44' is never reassigned. Use 'const' instead.
2026-07-29 18:06:34.547 +0530 [warn] [33m⚠[39m app\app.js::968: 'b3_' is never reassigned. Use 'const' instead.
2026-07-29 18:06:34.547 +0530 [warn] [33m⚠[39m app\app.js::975: Expected '!==' and instead saw '!='.
2026-07-29 18:06:34.547 +0530 [warn] [33m⚠[39m app\app.js::976: 'tr45' is never reassigned. Use 'const' instead.
2026-07-29 18:06:34.547 +0530 [warn] [33m⚠[39m app\app.js::977: 'td45' is never reassigned. Use 'const' instead.
2026-07-29 18:06:34.547 +0530 [warn] [33m⚠[39m app\app.js::979: 'b4_' is never reassigned. Use 'const' instead.
2026-07-29 18:06:34.547 +0530 [warn] [33m⚠[39m app\app.js::986: 'tr49' is never reassigned. Use 'const' instead.
2026-07-29 18:06:34.547 +0530 [warn] [33m⚠[39m app\app.js::987: 'td49' is never reassigned. Use 'const' instead.
2026-07-29 18:06:34.547 +0530 [warn] [33m⚠[39m app\app.js::989: 'b5_' is never reassigned. Use 'const' instead.
2026-07-29 18:06:34.547 +0530 [warn] [33m⚠[39m app\app.js::997: 'tr45' is never reassigned. Use 'const' instead.
2026-07-29 18:06:34.548 +0530 [warn] [33m⚠[39m app\app.js::998: 'td45' is never reassigned. Use 'const' instead.
2026-07-29 18:06:34.548 +0530 [warn] [33m⚠[39m app\app.js::1003: 'tr49' is never reassigned. Use 'const' instead.
2026-07-29 18:06:34.555 +0530 [warn] [33m⚠[39m app\app.js::1004: 'td49' is never reassigned. Use 'const' instead.
2026-07-29 18:06:34.555 +0530 [warn] [33m⚠[39m app\app.js::1010: 'tr46' is never reassigned. Use 'const' instead.
2026-07-29 18:06:34.555 +0530 [warn] [33m⚠[39m app\app.js::1011: 'td46' is never reassigned. Use 'const' instead.
2026-07-29 18:06:34.556 +0530 [warn] [33m⚠[39m app\app.js::1013: 'b6_' is never reassigned. Use 'const' instead.
2026-07-29 18:06:34.556 +0530 [warn] [33m⚠[39m app\app.js::1020: 'tr47' is never reassigned. Use 'const' instead.
2026-07-29 18:06:34.556 +0530 [warn] [33m⚠[39m app\app.js::1021: 'td47' is never reassigned. Use 'const' instead.
2026-07-29 18:06:34.556 +0530 [warn] [33m⚠[39m app\app.js::1023: 'b7_' is never reassigned. Use 'const' instead.
2026-07-29 18:06:34.556 +0530 [warn] [33m⚠[39m app\app.js::1030: 'tr48' is never reassigned. Use 'const' instead.
2026-07-29 18:06:34.556 +0530 [warn] [33m⚠[39m app\app.js::1031: 'td48' is never reassigned. Use 'const' instead.
2026-07-29 18:06:34.556 +0530 [warn] [33m⚠[39m app\app.js::1033: 'b8_' is never reassigned. Use 'const' instead.
2026-07-29 18:06:34.556 +0530 [warn] [33m⚠[39m app\app.js::1056: 'textElement' is never reassigned. Use 'const' instead.
2026-07-29 18:06:34.556 +0530 [warn] [33m⚠[39m app\app.js::1057: 'getContact' is never reassigned. Use 'const' instead.
2026-07-29 18:06:34.556 +0530 [warn] 
2026-07-29 18:06:34.619 +0530 [debug] (report.js) Generating hash for report.json file
2026-07-29 18:08:20.480 +0530 [debug] (configs.js) loaded default configs as "{"updates":{"manifest_url":"https://cdn.freshdev.io/assets/fdk/updates.json","changelog_url":"https://cdn.freshdev.io/assets/fdk/change-log.json","period":24},"log":{"level":"info"},"javascript":{"ecma_version":2020},"request":{"timeout":15000,"maxFilesPerRequest":5},"global_apps":{"enabled":true},"easel":{"enabled":false},"job":{"timeout":120000},"av_scan":{"status":"SAFE"}}"
2026-07-29 18:08:20.481 +0530 [debug] (configs.js) loaded global configs as "{"global_apps":{"enabled":"true"},"request":{"timeout":15000},"job":{"timeout":120000}}"
2026-07-29 18:08:20.482 +0530 [debug] (configs.js) loaded local configs as "{"request":{"timeout":15000},"job":{"timeout":120000},"global_apps":{"enabled":"true"}}"
2026-07-29 18:08:20.482 +0530 [debug] (configs.js) loaded env configs as "{"updates":{},"log":{},"javascript":{},"request":{"timeout":15000,"maxFilesPerRequest":5},"job":{"timeout":120000},"av_scan":{"status":"SAFE"}}"
2026-07-29 18:08:20.482 +0530 [debug] (configs.js) loaded resolved configs as "{"updates":{"manifest_url":"https://cdn.freshdev.io/assets/fdk/updates.json","changelog_url":"https://cdn.freshdev.io/assets/fdk/change-log.json","period":24},"log":{"level":"info"},"javascript":{"ecma_version":2020},"request":{"timeout":15000,"maxFilesPerRequest":5},"global_apps":{"enabled":"true"},"easel":{"enabled":false},"job":{"timeout":120000},"av_scan":{"status":"SAFE"}}"
2026-07-29 18:08:20.482 +0530 [debug] (logger.js) Starting FDK in node v24.11.0 on win32
2026-07-29 18:08:20.482 +0530 [debug] (sequelize.js) setting up sqilite at "C:\plenty-markets/.fdk/store.sqlite"
2026-07-29 18:08:20.482 +0530 [debug] (data.js) Read {"version_details":{"cli":{"deprecated":{"version":"<9","message":"This FDK version has been deprecated. There will be no further feature updates to this version. For a seamless app-building experience, ensure to move to the latest FDK version. For more information, see https://developers.freshworks.com/docs/app-sdk/v2.3/freshdesk/migration-guide/#migrate-to-the-latest-platform-version."},"forced":{"version":"7.0.0","command":"npm install https://dl.freshdev.io/cli/fdk-7.0.0.tgz -g","message":"Your FDK version has been forced updated to v7.0.0, please visit https://community.developers.freshworks.com/t/fdk-v7-0-announcing-node-js-v12-and-es6-support/3606 to know more"},"latest":{"version":"10.1.8","command":"npm install https://cdn.freshdev.io/fdk/latest-v24.tgz -g","message":"You are on the latest FDK version. For information on the features available as part of this FDK version, see https://developers.freshworks.com/docs/?tab=modules."}},"addon":{"version":"2.2.9","url":"https://cdn.freshdev.io/assets/fdk/addons/addon.zip"}},"last_updated":{"time_stamp":1785320337121}}
2026-07-29 18:08:20.482 +0530 [debug] (updater.js) last check less than 24 hours ago, not looking for updates
2026-07-29 18:08:20.484 +0530 [debug] (index.js) running with opts {}
2026-07-29 18:08:20.587 +0530 [debug] (data.js) Read {"version_details":{"cli":{"deprecated":{"version":"<9","message":"This FDK version has been deprecated. There will be no further feature updates to this version. For a seamless app-building experience, ensure to move to the latest FDK version. For more information, see https://developers.freshworks.com/docs/app-sdk/v2.3/freshdesk/migration-guide/#migrate-to-the-latest-platform-version."},"forced":{"version":"7.0.0","command":"npm install https://dl.freshdev.io/cli/fdk-7.0.0.tgz -g","message":"Your FDK version has been forced updated to v7.0.0, please visit https://community.developers.freshworks.com/t/fdk-v7-0-announcing-node-js-v12-and-es6-support/3606 to know more"},"latest":{"version":"10.1.8","command":"npm install https://cdn.freshdev.io/fdk/latest-v24.tgz -g","message":"You are on the latest FDK version. For information on the features available as part of this FDK version, see https://developers.freshworks.com/docs/?tab=modules."}},"addon":{"version":"2.2.9","url":"https://cdn.freshdev.io/assets/fdk/addons/addon.zip"}},"last_updated":{"time_stamp":1785320337121}}
2026-07-29 18:08:20.589 +0530 [debug] (manifest.js) Reloading manifest with {"platform-version":"3.0","modules":{"common":{"requests":{"login":{},"validateCredentials":{},"getWorkitem":{},"getOrderNumberItems":{}}},"support_ticket":{"location":{"ticket_sidebar":{"url":"template.html","icon":"icon.svg"}}}},"engines":{"node":"24.11.0","fdk":"10.1.8"}}.
2026-07-29 18:08:20.589 +0530 [debug] (manifest.js) Inferred db as features.
2026-07-29 18:08:20.611 +0530 [debug] (data.js) Read {"version_details":{"cli":{"deprecated":{"version":"<9","message":"This FDK version has been deprecated. There will be no further feature updates to this version. For a seamless app-building experience, ensure to move to the latest FDK version. For more information, see https://developers.freshworks.com/docs/app-sdk/v2.3/freshdesk/migration-guide/#migrate-to-the-latest-platform-version."},"forced":{"version":"7.0.0","command":"npm install https://dl.freshdev.io/cli/fdk-7.0.0.tgz -g","message":"Your FDK version has been forced updated to v7.0.0, please visit https://community.developers.freshworks.com/t/fdk-v7-0-announcing-node-js-v12-and-es6-support/3606 to know more"},"latest":{"version":"10.1.8","command":"npm install https://cdn.freshdev.io/fdk/latest-v24.tgz -g","message":"You are on the latest FDK version. For information on the features available as part of this FDK version, see https://developers.freshworks.com/docs/?tab=modules."}},"addon":{"version":"2.2.9","url":"https://cdn.freshdev.io/assets/fdk/addons/addon.zip"}},"last_updated":{"time_stamp":1785320337121}}
2026-07-29 18:08:20.769 +0530 [debug] (coverage.js) INIT: About to merge initial coverage data with 0 files
2026-07-29 18:08:20.769 +0530 [debug] (coverage.js) INIT: After merge - Files in map: 0
2026-07-29 18:08:20.819 +0530 [debug] (index.js) Initializing AJV schemas from individual files
2026-07-29 18:08:20.819 +0530 [debug] (index.js) Compiling schemas...
2026-07-29 18:08:20.830 +0530 [debug] (index.js) All schemas compiled successfully
2026-07-29 18:08:20.860 +0530 [debug] (index.js) loading model at "C:\Users\user\AppData\Roaming\nvm\v24.11.0\node_modules\@freshworks\fdk\lib\models\bigint-pivot.js"
2026-07-29 18:08:20.861 +0530 [debug] (index.js) loading model at "C:\Users\user\AppData\Roaming\nvm\v24.11.0\node_modules\@freshworks\fdk\lib\models\entity-field-choice.js"
2026-07-29 18:08:20.861 +0530 [debug] (index.js) loading model at "C:\Users\user\AppData\Roaming\nvm\v24.11.0\node_modules\@freshworks\fdk\lib\models\entity-field.js"
2026-07-29 18:08:20.862 +0530 [debug] (index.js) loading model at "C:\Users\user\AppData\Roaming\nvm\v24.11.0\node_modules\@freshworks\fdk\lib\models\entity.js"
2026-07-29 18:08:20.862 +0530 [debug] (index.js) loading model at "C:\Users\user\AppData\Roaming\nvm\v24.11.0\node_modules\@freshworks\fdk\lib\models\files.js"
2026-07-29 18:08:20.863 +0530 [debug] (index.js) loading model at "C:\Users\user\AppData\Roaming\nvm\v24.11.0\node_modules\@freshworks\fdk\lib\models\oauth-details.js"
2026-07-29 18:08:20.863 +0530 [debug] (index.js) loading model at "C:\Users\user\AppData\Roaming\nvm\v24.11.0\node_modules\@freshworks\fdk\lib\models\record.js"
2026-07-29 18:08:20.865 +0530 [debug] (index.js) loading model at "C:\Users\user\AppData\Roaming\nvm\v24.11.0\node_modules\@freshworks\fdk\lib\models\string-pivot.js"
2026-07-29 18:08:20.927 +0530 [debug] (index.js) 'schema: ' [object Object]
2026-07-29 18:08:20.933 +0530 [debug] (index.js) 'schema: ' [object Object]
2026-07-29 18:08:20.934 +0530 [debug] (index.js) 'schema: ' [object Object]
2026-07-29 18:08:20.935 +0530 [debug] (index.js) 'schema: ' [object Object]
2026-07-29 18:08:20.936 +0530 [debug] (index.js) 'schema: ' [object Object]
2026-07-29 18:08:20.938 +0530 [debug] (index.js) 'schema: ' [object Object]
2026-07-29 18:08:20.939 +0530 [debug] (index.js) 'schema: ' [object Object]
2026-07-29 18:08:20.945 +0530 [debug] (index.js) 'schema: ' [object Object]
2026-07-29 18:08:20.945 +0530 [debug] (index.js) 'schema: ' [object Object]
2026-07-29 18:08:20.945 +0530 [debug] (index.js) 'schema: ' [object Object]
2026-07-29 18:08:20.950 +0530 [debug] (index.js) 'schema: ' [object Object]
2026-07-29 18:08:20.952 +0530 [debug] (index.js) 'schema: ' [object Object]
2026-07-29 18:08:20.955 +0530 [debug] (index.js) 'schema: ' [object Object]
2026-07-29 18:08:20.955 +0530 [debug] (index.js) 'schema: ' [object Object]
2026-07-29 18:08:20.956 +0530 [debug] (index.js) 'schema: ' [object Object]
2026-07-29 18:08:20.957 +0530 [debug] (index.js) 'schema: ' [object Object]
2026-07-29 18:08:20.959 +0530 [debug] (index.js) 'schema: ' [object Object]
2026-07-29 18:08:20.968 +0530 [debug] (index.js) 'schema: ' [object Object]
2026-07-29 18:08:21.178 +0530 [debug] (data.js) Read {"version_details":{"cli":{"deprecated":{"version":"<9","message":"This FDK version has been deprecated. There will be no further feature updates to this version. For a seamless app-building experience, ensure to move to the latest FDK version. For more information, see https://developers.freshworks.com/docs/app-sdk/v2.3/freshdesk/migration-guide/#migrate-to-the-latest-platform-version."},"forced":{"version":"7.0.0","command":"npm install https://dl.freshdev.io/cli/fdk-7.0.0.tgz -g","message":"Your FDK version has been forced updated to v7.0.0, please visit https://community.developers.freshworks.com/t/fdk-v7-0-announcing-node-js-v12-and-es6-support/3606 to know more"},"latest":{"version":"10.1.8","command":"npm install https://cdn.freshdev.io/fdk/latest-v24.tgz -g","message":"You are on the latest FDK version. For information on the features available as part of this FDK version, see https://developers.freshworks.com/docs/?tab=modules."}},"addon":{"version":"2.2.9","url":"https://cdn.freshdev.io/assets/fdk/addons/addon.zip"}},"last_updated":{"time_stamp":1785320337121}}
2026-07-29 18:08:21.958 +0530 [debug] (validate.js) asked to skip the following validations, 
2026-07-29 18:08:21.959 +0530 [debug] (validate.js) running validator actions
2026-07-29 18:08:21.959 +0530 [debug] (validate.js) running validator requests
2026-07-29 18:08:21.959 +0530 [debug] (requests.js) validating request template for "login"
2026-07-29 18:08:21.959 +0530 [debug] (validate.js) running validator app-dir
2026-07-29 18:08:21.960 +0530 [debug] (validate.js) running validator config-dir
2026-07-29 18:08:21.960 +0530 [debug] (config-dir.js) Checking to see if C:\plenty-markets/config/ exists.
2026-07-29 18:08:21.960 +0530 [debug] (config-dir.js) Fetched the following config files iparams.html,requests.json
2026-07-29 18:08:21.960 +0530 [debug] (validate.js) running validator custom-objects
2026-07-29 18:08:21.960 +0530 [debug] (validate.js) running validator event
2026-07-29 18:08:21.960 +0530 [debug] (validate.js) running validator iparam
2026-07-29 18:08:21.986 +0530 [debug] (validate.js) running validator lint
2026-07-29 18:08:21.986 +0530 [debug] (lint.js) passed fix flag: undefined
2026-07-29 18:08:21.988 +0530 [debug] (lint.js) Running the following lints on the file app\app.js : no-eval,no-alert,no-debugger,no-unreachable,no-duplicate-imports,constructor-super,for-direction,no-class-assign,no-new-native-nonconstructor,valid-typeof,no-eq-null,no-var,require-await,no-unreachable-loop,no-redeclare,no-self-assign,no-setter-return,no-shadow-restricted-names,no-this-before-super,no-unsafe-finally,no-unsafe-optional-chaining,no-unused-vars,no-useless-catch,eqeqeq,prefer-const,require-yield,no-global-assign,no-caller,no-process-env,complexity,max-nested-callbacks,handle-callback-err,getter-return,no-async-promise-executor,no-case-declarations,no-compare-neg-zero,no-cond-assign,no-const-assign,no-constant-condition,no-control-regex,no-delete-var,no-dupe-args,no-dupe-class-members,no-dupe-else-if,no-dupe-keys,no-duplicate-case,no-empty,no-empty-character-class,no-empty-pattern,no-ex-assign,no-extra-boolean-cast,no-extra-semi,no-fallthrough,no-func-assign,no-import-assign,no-inner-declarations,no-invalid-regexp,no-irregular-whitespace,no-loss-of-precision,no-misleading-character-class,no-mixed-spaces-and-tabs,no-nonoctal-decimal-escape,no-obj-calls,no-octal,no-prototype-builtins,no-regex-spaces,no-sparse-arrays,no-unexpected-multiline,no-unsafe-negation,no-unused-labels,no-useless-backreference,no-useless-escape,no-with,use-isnan,no-unpkg-cdn,no-proxy-requests,no-unhandled-promise,no-logging-rejections,no-non-client-request-model,no-deprecated-apis,no-cross-scope-assign,no-empty-function
2026-07-29 18:08:22.141 +0530 [debug] (lint.js) Running the following lints on the file app\js\index.js : no-eval,no-alert,no-debugger,no-unreachable,no-duplicate-imports,constructor-super,for-direction,no-class-assign,no-new-native-nonconstructor,valid-typeof,no-eq-null,no-var,require-await,no-unreachable-loop,no-redeclare,no-self-assign,no-setter-return,no-shadow-restricted-names,no-this-before-super,no-unsafe-finally,no-unsafe-optional-chaining,no-unused-vars,no-useless-catch,eqeqeq,prefer-const,require-yield,no-global-assign,no-caller,no-process-env,complexity,max-nested-callbacks,handle-callback-err,getter-return,no-async-promise-executor,no-case-declarations,no-compare-neg-zero,no-cond-assign,no-const-assign,no-constant-condition,no-control-regex,no-delete-var,no-dupe-args,no-dupe-class-members,no-dupe-else-if,no-dupe-keys,no-duplicate-case,no-empty,no-empty-character-class,no-empty-pattern,no-ex-assign,no-extra-boolean-cast,no-extra-semi,no-fallthrough,no-func-assign,no-import-assign,no-inner-declarations,no-invalid-regexp,no-irregular-whitespace,no-loss-of-precision,no-misleading-character-class,no-mixed-spaces-and-tabs,no-nonoctal-decimal-escape,no-obj-calls,no-octal,no-prototype-builtins,no-regex-spaces,no-sparse-arrays,no-unexpected-multiline,no-unsafe-negation,no-unused-labels,no-useless-backreference,no-useless-escape,no-with,use-isnan,no-unpkg-cdn,no-proxy-requests,no-unhandled-promise,no-logging-rejections,no-non-client-request-model,no-deprecated-apis,no-cross-scope-assign,no-empty-function
2026-07-29 18:08:22.170 +0530 [debug] (validate.js) running validator manifest
2026-07-29 18:08:22.171 +0530 [debug] (validate.js) skipping validator manifest-dependency
2026-07-29 18:08:22.171 +0530 [debug] (validate.js) running validator manifest-scripts
2026-07-29 18:08:22.172 +0530 [debug] (validate.js) running validator oauth
2026-07-29 18:08:22.172 +0530 [debug] (validate.js) skipping validator pkgsize
2026-07-29 18:08:22.172 +0530 [debug] (validate.js) running validator schema
2026-07-29 18:08:22.172 +0530 [debug] (validate.js) running validator version-check
2026-07-29 18:08:22.172 +0530 [debug] (validate.js) running validator app-settings
2026-07-29 18:08:22.174 +0530 [debug] (http.js) Failed to parse URL: https://<%= iparam.SWdomain %>, error: Invalid URL
2026-07-29 18:08:22.174 +0530 [debug] (requests.js) validating request template for "validateCredentials"
2026-07-29 18:08:22.176 +0530 [debug] (http.js) Failed to parse URL: https://<%= context.domain %>, error: Invalid URL
2026-07-29 18:08:22.176 +0530 [debug] (requests.js) validating request template for "getWorkitem"
2026-07-29 18:08:22.177 +0530 [debug] (http.js) Failed to parse URL: https://<%= iparam.SWdomain %>, error: Invalid URL
2026-07-29 18:08:22.177 +0530 [debug] (http.js) Failed to parse URL: https://<%= iparam.SWdomain %>, error: Invalid URL
2026-07-29 18:08:22.177 +0530 [debug] (request.js) Checking request template for multi-oauth app
2026-07-29 18:08:22.177 +0530 [debug] (requests.js) validating request template for "getOrderNumberItems"
2026-07-29 18:08:22.177 +0530 [debug] (http.js) Failed to parse URL: https://<%= iparam.SWdomain %>, error: Invalid URL
2026-07-29 18:08:22.177 +0530 [debug] (http.js) Failed to parse URL: https://<%= context.domain %>, error: Invalid URL
2026-07-29 18:08:22.177 +0530 [debug] (request.js) Checking request template for multi-oauth app
2026-07-29 18:08:22.177 +0530 [debug] (http.js) Failed to parse URL: https://<%= iparam.SWdomain %>, error: Invalid URL
2026-07-29 18:08:22.177 +0530 [debug] (request.js) Checking request template for multi-oauth app
2026-07-29 18:08:22.177 +0530 [debug] (http.js) Failed to parse URL: https://<%= iparam.SWdomain %>, error: Invalid URL
2026-07-29 18:08:22.177 +0530 [debug] (request.js) Checking request template for multi-oauth app
2026-07-29 18:08:22.179 +0530 [error] The local server could not be started due to the following issue(s):
2026-07-29 18:08:22.180 +0530 [error] 
2026-07-29 18:08:22.180 +0530 [error] Lint errors:
2026-07-29 18:08:22.180 +0530 [error] [31m✖[39m app\app.js::284: 'searchOrderbyID' is defined but never used.
2026-07-29 18:08:22.180 +0530 [error] 
2026-07-29 18:08:22.180 +0530 [warn] Please ensure that the following are addressed for quick review process:
2026-07-29 18:08:22.180 +0530 [warn] [33m⚠[39m app\app.js::1: 'mode' is never reassigned. Use 'const' instead.
2026-07-29 18:08:22.180 +0530 [warn] [33m⚠[39m app\app.js::65: 'auth' is never reassigned. Use 'const' instead.
2026-07-29 18:08:22.180 +0530 [warn] [33m⚠[39m app\app.js::66: 'authToken' declared and assigned in different scopes. Possible asynchronous race condition.
2026-07-29 18:08:22.180 +0530 [warn] [33m⚠[39m app\app.js::86: 'ctx' is never reassigned. Use 'const' instead.
2026-07-29 18:08:22.181 +0530 [warn] [33m⚠[39m app\app.js::90: 'status' is never reassigned. Use 'const' instead.
2026-07-29 18:08:22.181 +0530 [warn] [33m⚠[39m app\app.js::92: 'authToken' declared and assigned in different scopes. Possible asynchronous race condition.
2026-07-29 18:08:22.181 +0530 [warn] [33m⚠[39m app\app.js::94: 'retryCtx' is never reassigned. Use 'const' instead.
2026-07-29 18:08:22.181 +0530 [warn] [33m⚠[39m app\app.js::107: 'onInit' is never reassigned. Use 'const' instead.
2026-07-29 18:08:22.181 +0530 [warn] [33m⚠[39m app\app.js::127: 'target' is never reassigned. Use 'const' instead.
2026-07-29 18:08:22.181 +0530 [warn] [33m⚠[39m app\app.js::128: Expected '!==' and instead saw '!='.
2026-07-29 18:08:22.181 +0530 [warn] [33m⚠[39m app\app.js::146: 'order_p' is never reassigned. Use 'const' instead.
2026-07-29 18:08:22.181 +0530 [warn] [33m⚠[39m app\app.js::148: Expected '!==' and instead saw '!='.
2026-07-29 18:08:22.182 +0530 [warn] [33m⚠[39m app\app.js::154: 'item_p' is never reassigned. Use 'const' instead.
2026-07-29 18:08:22.182 +0530 [warn] [33m⚠[39m app\app.js::156: Expected '!==' and instead saw '!='.
2026-07-29 18:08:22.182 +0530 [warn] [33m⚠[39m app\app.js::176: 'store_div' is never reassigned. Use 'const' instead.
2026-07-29 18:08:22.182 +0530 [warn] [33m⚠[39m app\app.js::182: 'multiple_stores' is never reassigned. Use 'const' instead.
2026-07-29 18:08:22.182 +0530 [warn] [33m⚠[39m app\app.js::198: 'fetchData' is never reassigned. Use 'const' instead.
2026-07-29 18:08:22.182 +0530 [warn] [33m⚠[39m app\app.js::218: 'order' is never reassigned. Use 'const' instead.
2026-07-29 18:08:22.182 +0530 [warn] [33m⚠[39m app\app.js::219: Expected '===' and instead saw '=='.
2026-07-29 18:08:22.182 +0530 [warn] [33m⚠[39m app\app.js::244: 'orderNumber' declared and assigned in different scopes. Possible asynchronous race condition.
2026-07-29 18:08:22.182 +0530 [warn] [33m⚠[39m app\app.js::259: 'resp' is never reassigned. Use 'const' instead.
2026-07-29 18:08:22.183 +0530 [warn] [33m⚠[39m app\app.js::260: Expected '!==' and instead saw '!='.
2026-07-29 18:08:22.183 +0530 [warn] [33m⚠[39m app\app.js::286: 'orderNumber' declared and assigned in different scopes. Possible asynchronous race condition.
2026-07-29 18:08:22.183 +0530 [warn] [33m⚠[39m app\app.js::300: Expected '===' and instead saw '=='.
2026-07-29 18:08:22.183 +0530 [warn] [33m⚠[39m app\app.js::311: 'resp' is never reassigned. Use 'const' instead.
2026-07-29 18:08:22.183 +0530 [warn] [33m⚠[39m app\app.js::314: Expected '!==' and instead saw '!='.
2026-07-29 18:08:22.183 +0530 [warn] [33m⚠[39m app\app.js::358: Expected '===' and instead saw '=='.
2026-07-29 18:08:22.183 +0530 [warn] [33m⚠[39m app\app.js::386: 'order_l_div' is never reassigned. Use 'const' instead.
2026-07-29 18:08:22.183 +0530 [warn] [33m⚠[39m app\app.js::392: 'create_o' is never reassigned. Use 'const' instead.
2026-07-29 18:08:22.183 +0530 [warn] [33m⚠[39m app\app.js::400: Expected '===' and instead saw '=='.
2026-07-29 18:08:22.183 +0530 [warn] [33m⚠[39m app\app.js::412: Expected '!==' and instead saw '!='.
2026-07-29 18:08:22.183 +0530 [warn] [33m⚠[39m app\app.js::427: 'item_card' is never reassigned. Use 'const' instead.
2026-07-29 18:08:22.183 +0530 [warn] [33m⚠[39m app\app.js::438: 'stock_orders_id' is never reassigned. Use 'const' instead.
2026-07-29 18:08:22.183 +0530 [warn] [33m⚠[39m app\app.js::467: 'sw_store' is never reassigned. Use 'const' instead.
2026-07-29 18:08:22.183 +0530 [warn] [33m⚠[39m app\app.js::487: 'more_order_det' is never reassigned. Use 'const' instead.
2026-07-29 18:08:22.183 +0530 [warn] [33m⚠[39m app\app.js::489: 'attr_element' is never reassigned. Use 'const' instead.
2026-07-29 18:08:22.184 +0530 [warn] [33m⚠[39m app\app.js::491: 'order_prop' is never reassigned. Use 'const' instead.
2026-07-29 18:08:22.184 +0530 [warn] [33m⚠[39m app\app.js::493: Expected '!==' and instead saw '!='.
2026-07-29 18:08:22.184 +0530 [warn] [33m⚠[39m app\app.js::501: 'parentdiv' is never reassigned. Use 'const' instead.
2026-07-29 18:08:22.184 +0530 [warn] [33m⚠[39m app\app.js::510: Expected '===' and instead saw '=='.
2026-07-29 18:08:22.184 +0530 [warn] [33m⚠[39m app\app.js::514: Expected '===' and instead saw '=='.
2026-07-29 18:08:22.184 +0530 [warn] [33m⚠[39m app\app.js::522: 'itemattr' is never reassigned. Use 'const' instead.
2026-07-29 18:08:22.184 +0530 [warn] [33m⚠[39m app\app.js::532: Function 'bindItemAttrValue' has a complexity of 13. Maximum allowed is 7.
2026-07-29 18:08:22.184 +0530 [warn] [33m⚠[39m app\app.js::534: 'data2' is never reassigned. Use 'const' instead.
2026-07-29 18:08:22.184 +0530 [warn] [33m⚠[39m app\app.js::535: 'shipp' is never reassigned. Use 'const' instead.
2026-07-29 18:08:22.184 +0530 [warn] [33m⚠[39m app\app.js::536: 'parentdiv' is never reassigned. Use 'const' instead.
2026-07-29 18:08:22.184 +0530 [warn] [33m⚠[39m app\app.js::556: Expected '===' and instead saw '=='.
2026-07-29 18:08:22.184 +0530 [warn] [33m⚠[39m app\app.js::559: Expected '===' and instead saw '=='.
2026-07-29 18:08:22.184 +0530 [warn] [33m⚠[39m app\app.js::568: Expected '===' and instead saw '=='.
2026-07-29 18:08:22.185 +0530 [warn] [33m⚠[39m app\app.js::571: Expected '===' and instead saw '=='.
2026-07-29 18:08:22.185 +0530 [warn] [33m⚠[39m app\app.js::588: 'item_card' is never reassigned. Use 'const' instead.
2026-07-29 18:08:22.185 +0530 [warn] [33m⚠[39m app\app.js::593: 'itemCardElement' is never reassigned. Use 'const' instead.
2026-07-29 18:08:22.185 +0530 [warn] [33m⚠[39m app\app.js::594: 'items' is never reassigned. Use 'const' instead.
2026-07-29 18:08:22.185 +0530 [warn] [33m⚠[39m app\app.js::595: 'removeItems' is never reassigned. Use 'const' instead.
2026-07-29 18:08:22.185 +0530 [warn] [33m⚠[39m app\app.js::604: 'spinner' is never reassigned. Use 'const' instead.
2026-07-29 18:08:22.185 +0530 [warn] [33m⚠[39m app\app.js::653: Function 'elementCreate' has a complexity of 10. Maximum allowed is 7.
2026-07-29 18:08:22.185 +0530 [warn] [33m⚠[39m app\app.js::654: 'el_obj' is never reassigned. Use 'const' instead.
2026-07-29 18:08:22.185 +0530 [warn] [33m⚠[39m app\app.js::673: 'table' is never reassigned. Use 'const' instead.
2026-07-29 18:08:22.185 +0530 [warn] [33m⚠[39m app\app.js::673: 'parentdiv' is never reassigned. Use 'const' instead.
2026-07-29 18:08:22.186 +0530 [warn] [33m⚠[39m app\app.js::684: 'table11' is never reassigned. Use 'const' instead.
2026-07-29 18:08:22.186 +0530 [warn] [33m⚠[39m app\app.js::686: 'tr11' is never reassigned. Use 'const' instead.
2026-07-29 18:08:22.186 +0530 [warn] [33m⚠[39m app\app.js::688: 'td12' is never reassigned. Use 'const' instead.
2026-07-29 18:08:22.186 +0530 [warn] [33m⚠[39m app\app.js::689: 'table1' is never reassigned. Use 'const' instead.
2026-07-29 18:08:22.186 +0530 [warn] [33m⚠[39m app\app.js::690: 'tr1' is never reassigned. Use 'const' instead.
2026-07-29 18:08:22.186 +0530 [warn] [33m⚠[39m app\app.js::691: 'td1' is never reassigned. Use 'const' instead.
2026-07-29 18:08:22.186 +0530 [warn] [33m⚠[39m app\app.js::694: 'tr2' is never reassigned. Use 'const' instead.
2026-07-29 18:08:22.187 +0530 [warn] [33m⚠[39m app\app.js::695: 'td2' is never reassigned. Use 'const' instead.
2026-07-29 18:08:22.187 +0530 [warn] [33m⚠[39m app\app.js::698: 'tr44' is never reassigned. Use 'const' instead.
2026-07-29 18:08:22.187 +0530 [warn] [33m⚠[39m app\app.js::699: 'td44' is never reassigned. Use 'const' instead.
2026-07-29 18:08:22.187 +0530 [warn] [33m⚠[39m app\app.js::723: 'item_card_attr' is never reassigned. Use 'const' instead.
2026-07-29 18:08:22.187 +0530 [warn] [33m⚠[39m app\app.js::750: Function has a complexity of 9. Maximum allowed is 7.
2026-07-29 18:08:22.187 +0530 [warn] [33m⚠[39m app\app.js::772: 'payment' is never reassigned. Use 'const' instead.
2026-07-29 18:08:22.187 +0530 [warn] [33m⚠[39m app\app.js::773: Expected '!==' and instead saw '!='.
2026-07-29 18:08:22.187 +0530 [warn] [33m⚠[39m app\app.js::774: 'paymentStatus' is never reassigned. Use 'const' instead.
2026-07-29 18:08:22.187 +0530 [warn] [33m⚠[39m app\app.js::804: Expected '===' and instead saw '=='.
2026-07-29 18:08:22.187 +0530 [warn] [33m⚠[39m app\app.js::804: Expected '===' and instead saw '=='.
2026-07-29 18:08:22.188 +0530 [warn] [33m⚠[39m app\app.js::813: Expected '===' and instead saw '=='.
2026-07-29 18:08:22.188 +0530 [warn] [33m⚠[39m app\app.js::813: Expected '===' and instead saw '=='.
2026-07-29 18:08:22.188 +0530 [warn] [33m⚠[39m app\app.js::818: 'span1' is never reassigned. Use 'const' instead.
2026-07-29 18:08:22.188 +0530 [warn] [33m⚠[39m app\app.js::829: Expected '===' and instead saw '=='.
2026-07-29 18:08:22.188 +0530 [warn] [33m⚠[39m app\app.js::829: Expected '===' and instead saw '=='.
2026-07-29 18:08:22.188 +0530 [warn] [33m⚠[39m app\app.js::834: 'span1' is never reassigned. Use 'const' instead.
2026-07-29 18:08:22.188 +0530 [warn] [33m⚠[39m app\app.js::849: 'span1' is never reassigned. Use 'const' instead.
2026-07-29 18:08:22.188 +0530 [warn] [33m⚠[39m app\app.js::866: Function 'itemCardAttr' has a complexity of 9. Maximum allowed is 7.
2026-07-29 18:08:22.188 +0530 [warn] [33m⚠[39m app\app.js::868: 'data4' is never reassigned. Use 'const' instead.
2026-07-29 18:08:22.188 +0530 [warn] [33m⚠[39m app\app.js::869: 'data5' is never reassigned. Use 'const' instead.
2026-07-29 18:08:22.188 +0530 [warn] [33m⚠[39m app\app.js::871: 'parentdiv' is never reassigned. Use 'const' instead.
2026-07-29 18:08:22.189 +0530 [warn] [33m⚠[39m app\app.js::873: 'item_prop' is never reassigned. Use 'const' instead.
2026-07-29 18:08:22.189 +0530 [warn] [33m⚠[39m app\app.js::875: 'table' is never reassigned. Use 'const' instead.
2026-07-29 18:08:22.189 +0530 [warn] [33m⚠[39m app\app.js::882: 'val_attr' is never reassigned. Use 'const' instead.
2026-07-29 18:08:22.189 +0530 [warn] [33m⚠[39m app\app.js::883: 'ship_meth' is never reassigned. Use 'const' instead.
2026-07-29 18:08:22.189 +0530 [warn] [33m⚠[39m app\app.js::884: 'pay_attr' is never reassigned. Use 'const' instead.
2026-07-29 18:08:22.189 +0530 [warn] [33m⚠[39m app\app.js::894: Expected '===' and instead saw '=='.
2026-07-29 18:08:22.190 +0530 [warn] [33m⚠[39m app\app.js::898: Expected '===' and instead saw '=='.
2026-07-29 18:08:22.190 +0530 [warn] [33m⚠[39m app\app.js::902: Expected '===' and instead saw '=='.
2026-07-29 18:08:22.190 +0530 [warn] [33m⚠[39m app\app.js::924: 'stock_orders_id' is never reassigned. Use 'const' instead.
2026-07-29 18:08:22.190 +0530 [warn] [33m⚠[39m app\app.js::925: 'table' is never reassigned. Use 'const' instead.
2026-07-29 18:08:22.190 +0530 [warn] [33m⚠[39m app\app.js::932: 'tr' is never reassigned. Use 'const' instead.
2026-07-29 18:08:22.190 +0530 [warn] [33m⚠[39m app\app.js::932: 'td' is never reassigned. Use 'const' instead.
2026-07-29 18:08:22.193 +0530 [warn] [33m⚠[39m app\app.js::935: 'table11' is never reassigned. Use 'const' instead.
2026-07-29 18:08:22.193 +0530 [warn] [33m⚠[39m app\app.js::937: 'tr11' is never reassigned. Use 'const' instead.
2026-07-29 18:08:22.194 +0530 [warn] [33m⚠[39m app\app.js::939: 'td12' is never reassigned. Use 'const' instead.
2026-07-29 18:08:22.194 +0530 [warn] [33m⚠[39m app\app.js::940: 'table1' is never reassigned. Use 'const' instead.
2026-07-29 18:08:22.194 +0530 [warn] [33m⚠[39m app\app.js::941: 'tr1_' is never reassigned. Use 'const' instead.
2026-07-29 18:08:22.195 +0530 [warn] [33m⚠[39m app\app.js::942: 'td1_' is never reassigned. Use 'const' instead.
2026-07-29 18:08:22.195 +0530 [warn] [33m⚠[39m app\app.js::944: 'b1_' is never reassigned. Use 'const' instead.
2026-07-29 18:08:22.195 +0530 [warn] [33m⚠[39m app\app.js::949: 'tr1' is never reassigned. Use 'const' instead.
2026-07-29 18:08:22.196 +0530 [warn] [33m⚠[39m app\app.js::950: 'td1' is never reassigned. Use 'const' instead.
2026-07-29 18:08:22.197 +0530 [warn] [33m⚠[39m app\app.js::952: 'b9_' is never reassigned. Use 'const' instead.
2026-07-29 18:08:22.197 +0530 [warn] [33m⚠[39m app\app.js::957: 'tr2' is never reassigned. Use 'const' instead.
2026-07-29 18:08:22.197 +0530 [warn] [33m⚠[39m app\app.js::958: 'td2' is never reassigned. Use 'const' instead.
2026-07-29 18:08:22.197 +0530 [warn] [33m⚠[39m app\app.js::960: 'b2_' is never reassigned. Use 'const' instead.
2026-07-29 18:08:22.198 +0530 [warn] [33m⚠[39m app\app.js::965: 'tr44' is never reassigned. Use 'const' instead.
2026-07-29 18:08:22.198 +0530 [warn] [33m⚠[39m app\app.js::966: 'td44' is never reassigned. Use 'const' instead.
2026-07-29 18:08:22.198 +0530 [warn] [33m⚠[39m app\app.js::968: 'b3_' is never reassigned. Use 'const' instead.
2026-07-29 18:08:22.199 +0530 [warn] [33m⚠[39m app\app.js::976: 'tr45' is never reassigned. Use 'const' instead.
2026-07-29 18:08:22.200 +0530 [warn] [33m⚠[39m app\app.js::977: 'td45' is never reassigned. Use 'const' instead.
2026-07-29 18:08:22.200 +0530 [warn] [33m⚠[39m app\app.js::979: 'b4_' is never reassigned. Use 'const' instead.
2026-07-29 18:08:22.200 +0530 [warn] [33m⚠[39m app\app.js::986: 'tr49' is never reassigned. Use 'const' instead.
2026-07-29 18:08:22.201 +0530 [warn] [33m⚠[39m app\app.js::987: 'td49' is never reassigned. Use 'const' instead.
2026-07-29 18:08:22.201 +0530 [warn] [33m⚠[39m app\app.js::989: 'b5_' is never reassigned. Use 'const' instead.
2026-07-29 18:08:22.201 +0530 [warn] [33m⚠[39m app\app.js::997: 'tr45' is never reassigned. Use 'const' instead.
2026-07-29 18:08:22.201 +0530 [warn] [33m⚠[39m app\app.js::998: 'td45' is never reassigned. Use 'const' instead.
2026-07-29 18:08:22.202 +0530 [warn] [33m⚠[39m app\app.js::1003: 'tr49' is never reassigned. Use 'const' instead.
2026-07-29 18:08:22.202 +0530 [warn] [33m⚠[39m app\app.js::1004: 'td49' is never reassigned. Use 'const' instead.
2026-07-29 18:08:22.202 +0530 [warn] [33m⚠[39m app\app.js::1010: 'tr46' is never reassigned. Use 'const' instead.
2026-07-29 18:08:22.202 +0530 [warn] [33m⚠[39m app\app.js::1011: 'td46' is never reassigned. Use 'const' instead.
2026-07-29 18:08:22.202 +0530 [warn] [33m⚠[39m app\app.js::1013: 'b6_' is never reassigned. Use 'const' instead.
2026-07-29 18:08:22.202 +0530 [warn] [33m⚠[39m app\app.js::1020: 'tr47' is never reassigned. Use 'const' instead.
2026-07-29 18:08:22.202 +0530 [warn] [33m⚠[39m app\app.js::1021: 'td47' is never reassigned. Use 'const' instead.
2026-07-29 18:08:22.202 +0530 [warn] [33m⚠[39m app\app.js::1023: 'b7_' is never reassigned. Use 'const' instead.
2026-07-29 18:08:22.202 +0530 [warn] [33m⚠[39m app\app.js::1030: 'tr48' is never reassigned. Use 'const' instead.
2026-07-29 18:08:22.202 +0530 [warn] [33m⚠[39m app\app.js::1031: 'td48' is never reassigned. Use 'const' instead.
2026-07-29 18:08:22.212 +0530 [warn] [33m⚠[39m app\app.js::1033: 'b8_' is never reassigned. Use 'const' instead.
2026-07-29 18:08:22.212 +0530 [warn] [33m⚠[39m app\app.js::1056: 'textElement' is never reassigned. Use 'const' instead.
2026-07-29 18:08:22.212 +0530 [warn] [33m⚠[39m app\app.js::1057: 'getContact' is never reassigned. Use 'const' instead.
2026-07-29 18:08:22.212 +0530 [warn] [33m⚠[39m app\js\index.js::5: 'self' is never reassigned. Use 'const' instead.
2026-07-29 18:08:22.212 +0530 [warn] [33m⚠[39m app\js\index.js::6: 'li' is never reassigned. Use 'const' instead.
2026-07-29 18:08:22.212 +0530 [warn] [33m⚠[39m app\js\index.js::10: 'active' is never reassigned. Use 'const' instead.
2026-07-29 18:08:22.212 +0530 [warn] [33m⚠[39m app\js\index.js::18: 'em' is never reassigned. Use 'const' instead.
2026-07-29 18:08:22.212 +0530 [warn] [33m⚠[39m app\js\index.js::22: 'left' is never reassigned. Use 'const' instead.
2026-07-29 18:08:22.212 +0530 [warn] [33m⚠[39m app\js\index.js::23: 'leftNew' is never reassigned. Use 'const' instead.
2026-07-29 18:08:22.212 +0530 [warn] [33m⚠[39m app\js\index.js::24: 'toRight' is never reassigned. Use 'const' instead.
2026-07-29 18:08:22.212 +0530 [warn] 
2026-07-29 18:08:22.252 +0530 [debug] (report.js) Generating hash for report.json file
2026-07-29 18:15:50.650 +0530 [debug] (configs.js) loaded default configs as "{"updates":{"manifest_url":"https://cdn.freshdev.io/assets/fdk/updates.json","changelog_url":"https://cdn.freshdev.io/assets/fdk/change-log.json","period":24},"log":{"level":"info"},"javascript":{"ecma_version":2020},"request":{"timeout":15000,"maxFilesPerRequest":5},"global_apps":{"enabled":true},"easel":{"enabled":false},"job":{"timeout":120000},"av_scan":{"status":"SAFE"}}"
2026-07-29 18:15:50.651 +0530 [debug] (configs.js) loaded global configs as "{"global_apps":{"enabled":"true"},"request":{"timeout":15000},"job":{"timeout":120000}}"
2026-07-29 18:15:50.651 +0530 [debug] (configs.js) loaded local configs as "{"request":{"timeout":15000},"job":{"timeout":120000},"global_apps":{"enabled":"true"}}"
2026-07-29 18:15:50.651 +0530 [debug] (configs.js) loaded env configs as "{"updates":{},"log":{},"javascript":{},"request":{"timeout":15000,"maxFilesPerRequest":5},"job":{"timeout":120000},"av_scan":{"status":"SAFE"}}"
2026-07-29 18:15:50.652 +0530 [debug] (configs.js) loaded resolved configs as "{"updates":{"manifest_url":"https://cdn.freshdev.io/assets/fdk/updates.json","changelog_url":"https://cdn.freshdev.io/assets/fdk/change-log.json","period":24},"log":{"level":"info"},"javascript":{"ecma_version":2020},"request":{"timeout":15000,"maxFilesPerRequest":5},"global_apps":{"enabled":"true"},"easel":{"enabled":false},"job":{"timeout":120000},"av_scan":{"status":"SAFE"}}"
2026-07-29 18:15:50.652 +0530 [debug] (logger.js) Starting FDK in node v24.11.0 on win32
2026-07-29 18:15:50.652 +0530 [debug] (sequelize.js) setting up sqilite at "C:\plenty-markets/.fdk/store.sqlite"
2026-07-29 18:15:50.652 +0530 [debug] (data.js) Read {"version_details":{"cli":{"deprecated":{"version":"<9","message":"This FDK version has been deprecated. There will be no further feature updates to this version. For a seamless app-building experience, ensure to move to the latest FDK version. For more information, see https://developers.freshworks.com/docs/app-sdk/v2.3/freshdesk/migration-guide/#migrate-to-the-latest-platform-version."},"forced":{"version":"7.0.0","command":"npm install https://dl.freshdev.io/cli/fdk-7.0.0.tgz -g","message":"Your FDK version has been forced updated to v7.0.0, please visit https://community.developers.freshworks.com/t/fdk-v7-0-announcing-node-js-v12-and-es6-support/3606 to know more"},"latest":{"version":"10.1.8","command":"npm install https://cdn.freshdev.io/fdk/latest-v24.tgz -g","message":"You are on the latest FDK version. For information on the features available as part of this FDK version, see https://developers.freshworks.com/docs/?tab=modules."}},"addon":{"version":"2.2.9","url":"https://cdn.freshdev.io/assets/fdk/addons/addon.zip"}},"last_updated":{"time_stamp":1785320337121}}
2026-07-29 18:15:50.652 +0530 [debug] (updater.js) last check less than 24 hours ago, not looking for updates
2026-07-29 18:15:50.656 +0530 [debug] (index.js) running with opts {}
2026-07-29 18:15:50.795 +0530 [debug] (data.js) Read {"version_details":{"cli":{"deprecated":{"version":"<9","message":"This FDK version has been deprecated. There will be no further feature updates to this version. For a seamless app-building experience, ensure to move to the latest FDK version. For more information, see https://developers.freshworks.com/docs/app-sdk/v2.3/freshdesk/migration-guide/#migrate-to-the-latest-platform-version."},"forced":{"version":"7.0.0","command":"npm install https://dl.freshdev.io/cli/fdk-7.0.0.tgz -g","message":"Your FDK version has been forced updated to v7.0.0, please visit https://community.developers.freshworks.com/t/fdk-v7-0-announcing-node-js-v12-and-es6-support/3606 to know more"},"latest":{"version":"10.1.8","command":"npm install https://cdn.freshdev.io/fdk/latest-v24.tgz -g","message":"You are on the latest FDK version. For information on the features available as part of this FDK version, see https://developers.freshworks.com/docs/?tab=modules."}},"addon":{"version":"2.2.9","url":"https://cdn.freshdev.io/assets/fdk/addons/addon.zip"}},"last_updated":{"time_stamp":1785320337121}}
2026-07-29 18:15:50.797 +0530 [debug] (manifest.js) Reloading manifest with {"platform-version":"3.0","modules":{"common":{"requests":{"login":{},"validateCredentials":{},"getWorkitem":{},"getOrderNumberItems":{}}},"support_ticket":{"location":{"ticket_sidebar":{"url":"template.html","icon":"icon.svg"}}}},"engines":{"node":"24.11.0","fdk":"10.1.8"}}.
2026-07-29 18:15:50.798 +0530 [debug] (manifest.js) Inferred db as features.
2026-07-29 18:15:50.837 +0530 [debug] (data.js) Read {"version_details":{"cli":{"deprecated":{"version":"<9","message":"This FDK version has been deprecated. There will be no further feature updates to this version. For a seamless app-building experience, ensure to move to the latest FDK version. For more information, see https://developers.freshworks.com/docs/app-sdk/v2.3/freshdesk/migration-guide/#migrate-to-the-latest-platform-version."},"forced":{"version":"7.0.0","command":"npm install https://dl.freshdev.io/cli/fdk-7.0.0.tgz -g","message":"Your FDK version has been forced updated to v7.0.0, please visit https://community.developers.freshworks.com/t/fdk-v7-0-announcing-node-js-v12-and-es6-support/3606 to know more"},"latest":{"version":"10.1.8","command":"npm install https://cdn.freshdev.io/fdk/latest-v24.tgz -g","message":"You are on the latest FDK version. For information on the features available as part of this FDK version, see https://developers.freshworks.com/docs/?tab=modules."}},"addon":{"version":"2.2.9","url":"https://cdn.freshdev.io/assets/fdk/addons/addon.zip"}},"last_updated":{"time_stamp":1785320337121}}
2026-07-29 18:15:51.115 +0530 [debug] (coverage.js) INIT: About to merge initial coverage data with 0 files
2026-07-29 18:15:51.115 +0530 [debug] (coverage.js) INIT: After merge - Files in map: 0
2026-07-29 18:15:51.195 +0530 [debug] (index.js) Initializing AJV schemas from individual files
2026-07-29 18:15:51.195 +0530 [debug] (index.js) Compiling schemas...
2026-07-29 18:15:51.210 +0530 [debug] (index.js) All schemas compiled successfully
2026-07-29 18:15:51.248 +0530 [debug] (index.js) loading model at "C:\Users\user\AppData\Roaming\nvm\v24.11.0\node_modules\@freshworks\fdk\lib\models\bigint-pivot.js"
2026-07-29 18:15:51.249 +0530 [debug] (index.js) loading model at "C:\Users\user\AppData\Roaming\nvm\v24.11.0\node_modules\@freshworks\fdk\lib\models\entity-field-choice.js"
2026-07-29 18:15:51.250 +0530 [debug] (index.js) loading model at "C:\Users\user\AppData\Roaming\nvm\v24.11.0\node_modules\@freshworks\fdk\lib\models\entity-field.js"
2026-07-29 18:15:51.251 +0530 [debug] (index.js) loading model at "C:\Users\user\AppData\Roaming\nvm\v24.11.0\node_modules\@freshworks\fdk\lib\models\entity.js"
2026-07-29 18:15:51.251 +0530 [debug] (index.js) loading model at "C:\Users\user\AppData\Roaming\nvm\v24.11.0\node_modules\@freshworks\fdk\lib\models\files.js"
2026-07-29 18:15:51.252 +0530 [debug] (index.js) loading model at "C:\Users\user\AppData\Roaming\nvm\v24.11.0\node_modules\@freshworks\fdk\lib\models\oauth-details.js"
2026-07-29 18:15:51.253 +0530 [debug] (index.js) loading model at "C:\Users\user\AppData\Roaming\nvm\v24.11.0\node_modules\@freshworks\fdk\lib\models\record.js"
2026-07-29 18:15:51.255 +0530 [debug] (index.js) loading model at "C:\Users\user\AppData\Roaming\nvm\v24.11.0\node_modules\@freshworks\fdk\lib\models\string-pivot.js"
2026-07-29 18:15:51.335 +0530 [debug] (index.js) 'schema: ' [object Object]
2026-07-29 18:15:51.343 +0530 [debug] (index.js) 'schema: ' [object Object]
2026-07-29 18:15:51.344 +0530 [debug] (index.js) 'schema: ' [object Object]
2026-07-29 18:15:51.345 +0530 [debug] (index.js) 'schema: ' [object Object]
2026-07-29 18:15:51.347 +0530 [debug] (index.js) 'schema: ' [object Object]
2026-07-29 18:15:51.348 +0530 [debug] (index.js) 'schema: ' [object Object]
2026-07-29 18:15:51.350 +0530 [debug] (index.js) 'schema: ' [object Object]
2026-07-29 18:15:51.356 +0530 [debug] (index.js) 'schema: ' [object Object]
2026-07-29 18:15:51.357 +0530 [debug] (index.js) 'schema: ' [object Object]
2026-07-29 18:15:51.357 +0530 [debug] (index.js) 'schema: ' [object Object]
2026-07-29 18:15:51.362 +0530 [debug] (index.js) 'schema: ' [object Object]
2026-07-29 18:15:51.364 +0530 [debug] (index.js) 'schema: ' [object Object]
2026-07-29 18:15:51.367 +0530 [debug] (index.js) 'schema: ' [object Object]
2026-07-29 18:15:51.368 +0530 [debug] (index.js) 'schema: ' [object Object]
2026-07-29 18:15:51.368 +0530 [debug] (index.js) 'schema: ' [object Object]
2026-07-29 18:15:51.371 +0530 [debug] (index.js) 'schema: ' [object Object]
2026-07-29 18:15:51.373 +0530 [debug] (index.js) 'schema: ' [object Object]
2026-07-29 18:15:51.384 +0530 [debug] (index.js) 'schema: ' [object Object]
2026-07-29 18:15:51.588 +0530 [debug] (data.js) Read {"version_details":{"cli":{"deprecated":{"version":"<9","message":"This FDK version has been deprecated. There will be no further feature updates to this version. For a seamless app-building experience, ensure to move to the latest FDK version. For more information, see https://developers.freshworks.com/docs/app-sdk/v2.3/freshdesk/migration-guide/#migrate-to-the-latest-platform-version."},"forced":{"version":"7.0.0","command":"npm install https://dl.freshdev.io/cli/fdk-7.0.0.tgz -g","message":"Your FDK version has been forced updated to v7.0.0, please visit https://community.developers.freshworks.com/t/fdk-v7-0-announcing-node-js-v12-and-es6-support/3606 to know more"},"latest":{"version":"10.1.8","command":"npm install https://cdn.freshdev.io/fdk/latest-v24.tgz -g","message":"You are on the latest FDK version. For information on the features available as part of this FDK version, see https://developers.freshworks.com/docs/?tab=modules."}},"addon":{"version":"2.2.9","url":"https://cdn.freshdev.io/assets/fdk/addons/addon.zip"}},"last_updated":{"time_stamp":1785320337121}}
2026-07-29 18:15:52.522 +0530 [debug] (validate.js) asked to skip the following validations, 
2026-07-29 18:15:52.522 +0530 [debug] (validate.js) running validator actions
2026-07-29 18:15:52.523 +0530 [debug] (validate.js) running validator requests
2026-07-29 18:15:52.523 +0530 [debug] (requests.js) validating request template for "login"
2026-07-29 18:15:52.523 +0530 [debug] (validate.js) running validator app-dir
2026-07-29 18:15:52.524 +0530 [debug] (validate.js) running validator config-dir
2026-07-29 18:15:52.524 +0530 [debug] (config-dir.js) Checking to see if C:\plenty-markets/config/ exists.
2026-07-29 18:15:52.524 +0530 [debug] (config-dir.js) Fetched the following config files iparams.html,requests.json
2026-07-29 18:15:52.524 +0530 [debug] (validate.js) running validator custom-objects
2026-07-29 18:15:52.525 +0530 [debug] (validate.js) running validator event
2026-07-29 18:15:52.525 +0530 [debug] (validate.js) running validator iparam
2026-07-29 18:15:52.561 +0530 [debug] (validate.js) running validator lint
2026-07-29 18:15:52.562 +0530 [debug] (lint.js) passed fix flag: undefined
2026-07-29 18:15:52.564 +0530 [debug] (lint.js) Running the following lints on the file app\app.js : no-eval,no-alert,no-debugger,no-unreachable,no-duplicate-imports,constructor-super,for-direction,no-class-assign,no-new-native-nonconstructor,valid-typeof,no-eq-null,no-var,require-await,no-unreachable-loop,no-redeclare,no-self-assign,no-setter-return,no-shadow-restricted-names,no-this-before-super,no-unsafe-finally,no-unsafe-optional-chaining,no-unused-vars,no-useless-catch,eqeqeq,prefer-const,require-yield,no-global-assign,no-caller,no-process-env,complexity,max-nested-callbacks,handle-callback-err,getter-return,no-async-promise-executor,no-case-declarations,no-compare-neg-zero,no-cond-assign,no-const-assign,no-constant-condition,no-control-regex,no-delete-var,no-dupe-args,no-dupe-class-members,no-dupe-else-if,no-dupe-keys,no-duplicate-case,no-empty,no-empty-character-class,no-empty-pattern,no-ex-assign,no-extra-boolean-cast,no-extra-semi,no-fallthrough,no-func-assign,no-import-assign,no-inner-declarations,no-invalid-regexp,no-irregular-whitespace,no-loss-of-precision,no-misleading-character-class,no-mixed-spaces-and-tabs,no-nonoctal-decimal-escape,no-obj-calls,no-octal,no-prototype-builtins,no-regex-spaces,no-sparse-arrays,no-unexpected-multiline,no-unsafe-negation,no-unused-labels,no-useless-backreference,no-useless-escape,no-with,use-isnan,no-unpkg-cdn,no-proxy-requests,no-unhandled-promise,no-logging-rejections,no-non-client-request-model,no-deprecated-apis,no-cross-scope-assign,no-empty-function
2026-07-29 18:15:52.784 +0530 [debug] (lint.js) Running the following lints on the file app\js\index.js : no-eval,no-alert,no-debugger,no-unreachable,no-duplicate-imports,constructor-super,for-direction,no-class-assign,no-new-native-nonconstructor,valid-typeof,no-eq-null,no-var,require-await,no-unreachable-loop,no-redeclare,no-self-assign,no-setter-return,no-shadow-restricted-names,no-this-before-super,no-unsafe-finally,no-unsafe-optional-chaining,no-unused-vars,no-useless-catch,eqeqeq,prefer-const,require-yield,no-global-assign,no-caller,no-process-env,complexity,max-nested-callbacks,handle-callback-err,getter-return,no-async-promise-executor,no-case-declarations,no-compare-neg-zero,no-cond-assign,no-const-assign,no-constant-condition,no-control-regex,no-delete-var,no-dupe-args,no-dupe-class-members,no-dupe-else-if,no-dupe-keys,no-duplicate-case,no-empty,no-empty-character-class,no-empty-pattern,no-ex-assign,no-extra-boolean-cast,no-extra-semi,no-fallthrough,no-func-assign,no-import-assign,no-inner-declarations,no-invalid-regexp,no-irregular-whitespace,no-loss-of-precision,no-misleading-character-class,no-mixed-spaces-and-tabs,no-nonoctal-decimal-escape,no-obj-calls,no-octal,no-prototype-builtins,no-regex-spaces,no-sparse-arrays,no-unexpected-multiline,no-unsafe-negation,no-unused-labels,no-useless-backreference,no-useless-escape,no-with,use-isnan,no-unpkg-cdn,no-proxy-requests,no-unhandled-promise,no-logging-rejections,no-non-client-request-model,no-deprecated-apis,no-cross-scope-assign,no-empty-function
2026-07-29 18:15:52.821 +0530 [debug] (validate.js) running validator manifest
2026-07-29 18:15:52.821 +0530 [debug] (validate.js) skipping validator manifest-dependency
2026-07-29 18:15:52.821 +0530 [debug] (validate.js) running validator manifest-scripts
2026-07-29 18:15:52.822 +0530 [debug] (validate.js) running validator oauth
2026-07-29 18:15:52.822 +0530 [debug] (validate.js) skipping validator pkgsize
2026-07-29 18:15:52.822 +0530 [debug] (validate.js) running validator schema
2026-07-29 18:15:52.822 +0530 [debug] (validate.js) running validator version-check
2026-07-29 18:15:52.822 +0530 [debug] (validate.js) running validator app-settings
2026-07-29 18:15:52.824 +0530 [debug] (http.js) Failed to parse URL: https://<%= iparam.SWdomain %>, error: Invalid URL
2026-07-29 18:15:52.824 +0530 [debug] (requests.js) validating request template for "validateCredentials"
2026-07-29 18:15:52.828 +0530 [debug] (http.js) Failed to parse URL: https://<%= context.domain %>, error: Invalid URL
2026-07-29 18:15:52.828 +0530 [debug] (requests.js) validating request template for "getWorkitem"
2026-07-29 18:15:52.828 +0530 [debug] (http.js) Failed to parse URL: https://<%= iparam.SWdomain %>, error: Invalid URL
2026-07-29 18:15:52.828 +0530 [debug] (http.js) Failed to parse URL: https://<%= iparam.SWdomain %>, error: Invalid URL
2026-07-29 18:15:52.828 +0530 [debug] (request.js) Checking request template for multi-oauth app
2026-07-29 18:15:52.828 +0530 [debug] (requests.js) validating request template for "getOrderNumberItems"
2026-07-29 18:15:52.828 +0530 [debug] (http.js) Failed to parse URL: https://<%= iparam.SWdomain %>, error: Invalid URL
2026-07-29 18:15:52.829 +0530 [debug] (http.js) Failed to parse URL: https://<%= context.domain %>, error: Invalid URL
2026-07-29 18:15:52.829 +0530 [debug] (request.js) Checking request template for multi-oauth app
2026-07-29 18:15:52.829 +0530 [debug] (http.js) Failed to parse URL: https://<%= iparam.SWdomain %>, error: Invalid URL
2026-07-29 18:15:52.829 +0530 [debug] (request.js) Checking request template for multi-oauth app
2026-07-29 18:15:52.829 +0530 [debug] (http.js) Failed to parse URL: https://<%= iparam.SWdomain %>, error: Invalid URL
2026-07-29 18:15:52.829 +0530 [debug] (request.js) Checking request template for multi-oauth app
2026-07-29 18:15:52.832 +0530 [warn] Please ensure that the following are addressed for quick review process:
2026-07-29 18:15:52.832 +0530 [warn] [33m⚠[39m app\app.js::1: 'mode' is never reassigned. Use 'const' instead.
2026-07-29 18:15:52.833 +0530 [warn] [33m⚠[39m app\app.js::65: 'auth' is never reassigned. Use 'const' instead.
2026-07-29 18:15:52.833 +0530 [warn] [33m⚠[39m app\app.js::66: 'authToken' declared and assigned in different scopes. Possible asynchronous race condition.
2026-07-29 18:15:52.833 +0530 [warn] [33m⚠[39m app\app.js::86: 'ctx' is never reassigned. Use 'const' instead.
2026-07-29 18:15:52.833 +0530 [warn] [33m⚠[39m app\app.js::90: 'status' is never reassigned. Use 'const' instead.
2026-07-29 18:15:52.834 +0530 [warn] [33m⚠[39m app\app.js::92: 'authToken' declared and assigned in different scopes. Possible asynchronous race condition.
2026-07-29 18:15:52.834 +0530 [warn] [33m⚠[39m app\app.js::94: 'retryCtx' is never reassigned. Use 'const' instead.
2026-07-29 18:15:52.834 +0530 [warn] [33m⚠[39m app\app.js::107: 'onInit' is never reassigned. Use 'const' instead.
2026-07-29 18:15:52.834 +0530 [warn] [33m⚠[39m app\app.js::127: 'target' is never reassigned. Use 'const' instead.
2026-07-29 18:15:52.834 +0530 [warn] [33m⚠[39m app\app.js::128: Expected '!==' and instead saw '!='.
2026-07-29 18:15:52.834 +0530 [warn] [33m⚠[39m app\app.js::146: 'order_p' is never reassigned. Use 'const' instead.
2026-07-29 18:15:52.835 +0530 [warn] [33m⚠[39m app\app.js::148: Expected '!==' and instead saw '!='.
2026-07-29 18:15:52.835 +0530 [warn] [33m⚠[39m app\app.js::154: 'item_p' is never reassigned. Use 'const' instead.
2026-07-29 18:15:52.835 +0530 [warn] [33m⚠[39m app\app.js::156: Expected '!==' and instead saw '!='.
2026-07-29 18:15:52.835 +0530 [warn] [33m⚠[39m app\app.js::176: 'store_div' is never reassigned. Use 'const' instead.
2026-07-29 18:15:52.836 +0530 [warn] [33m⚠[39m app\app.js::182: 'multiple_stores' is never reassigned. Use 'const' instead.
2026-07-29 18:15:52.836 +0530 [warn] [33m⚠[39m app\app.js::198: 'fetchData' is never reassigned. Use 'const' instead.
2026-07-29 18:15:52.836 +0530 [warn] [33m⚠[39m app\app.js::218: 'order' is never reassigned. Use 'const' instead.
2026-07-29 18:15:52.836 +0530 [warn] [33m⚠[39m app\app.js::219: Expected '===' and instead saw '=='.
2026-07-29 18:15:52.836 +0530 [warn] [33m⚠[39m app\app.js::244: 'orderNumber' declared and assigned in different scopes. Possible asynchronous race condition.
2026-07-29 18:15:52.836 +0530 [warn] [33m⚠[39m app\app.js::259: 'resp' is never reassigned. Use 'const' instead.
2026-07-29 18:15:52.837 +0530 [warn] [33m⚠[39m app\app.js::260: Expected '!==' and instead saw '!='.
2026-07-29 18:15:52.837 +0530 [warn] [33m⚠[39m app\app.js::286: 'orderNumber' declared and assigned in different scopes. Possible asynchronous race condition.
2026-07-29 18:15:52.837 +0530 [warn] [33m⚠[39m app\app.js::300: Expected '===' and instead saw '=='.
2026-07-29 18:15:52.837 +0530 [warn] [33m⚠[39m app\app.js::311: 'resp' is never reassigned. Use 'const' instead.
2026-07-29 18:15:52.838 +0530 [warn] [33m⚠[39m app\app.js::314: Expected '!==' and instead saw '!='.
2026-07-29 18:15:52.838 +0530 [warn] [33m⚠[39m app\app.js::358: Expected '===' and instead saw '=='.
2026-07-29 18:15:52.838 +0530 [warn] [33m⚠[39m app\app.js::386: 'order_l_div' is never reassigned. Use 'const' instead.
2026-07-29 18:15:52.839 +0530 [warn] [33m⚠[39m app\app.js::392: 'create_o' is never reassigned. Use 'const' instead.
2026-07-29 18:15:52.839 +0530 [warn] [33m⚠[39m app\app.js::400: Expected '===' and instead saw '=='.
2026-07-29 18:15:52.839 +0530 [warn] [33m⚠[39m app\app.js::412: Expected '!==' and instead saw '!='.
2026-07-29 18:15:52.839 +0530 [warn] [33m⚠[39m app\app.js::427: 'item_card' is never reassigned. Use 'const' instead.
2026-07-29 18:15:52.839 +0530 [warn] [33m⚠[39m app\app.js::438: 'stock_orders_id' is never reassigned. Use 'const' instead.
2026-07-29 18:15:52.840 +0530 [warn] [33m⚠[39m app\app.js::467: 'sw_store' is never reassigned. Use 'const' instead.
2026-07-29 18:15:52.840 +0530 [warn] [33m⚠[39m app\app.js::487: 'more_order_det' is never reassigned. Use 'const' instead.
2026-07-29 18:15:52.840 +0530 [warn] [33m⚠[39m app\app.js::489: 'attr_element' is never reassigned. Use 'const' instead.
2026-07-29 18:15:52.840 +0530 [warn] [33m⚠[39m app\app.js::491: 'order_prop' is never reassigned. Use 'const' instead.
2026-07-29 18:15:52.840 +0530 [warn] [33m⚠[39m app\app.js::493: Expected '!==' and instead saw '!='.
2026-07-29 18:15:52.840 +0530 [warn] [33m⚠[39m app\app.js::501: 'parentdiv' is never reassigned. Use 'const' instead.
2026-07-29 18:15:52.840 +0530 [warn] [33m⚠[39m app\app.js::510: Expected '===' and instead saw '=='.
2026-07-29 18:15:52.840 +0530 [warn] [33m⚠[39m app\app.js::514: Expected '===' and instead saw '=='.
2026-07-29 18:15:52.841 +0530 [warn] [33m⚠[39m app\app.js::522: 'itemattr' is never reassigned. Use 'const' instead.
2026-07-29 18:15:52.841 +0530 [warn] [33m⚠[39m app\app.js::532: Function 'bindItemAttrValue' has a complexity of 13. Maximum allowed is 7.
2026-07-29 18:15:52.841 +0530 [warn] [33m⚠[39m app\app.js::534: 'data2' is never reassigned. Use 'const' instead.
2026-07-29 18:15:52.841 +0530 [warn] [33m⚠[39m app\app.js::535: 'shipp' is never reassigned. Use 'const' instead.
2026-07-29 18:15:52.842 +0530 [warn] [33m⚠[39m app\app.js::536: 'parentdiv' is never reassigned. Use 'const' instead.
2026-07-29 18:15:52.842 +0530 [warn] [33m⚠[39m app\app.js::556: Expected '===' and instead saw '=='.
2026-07-29 18:15:52.842 +0530 [warn] [33m⚠[39m app\app.js::559: Expected '===' and instead saw '=='.
2026-07-29 18:15:52.842 +0530 [warn] [33m⚠[39m app\app.js::568: Expected '===' and instead saw '=='.
2026-07-29 18:15:52.842 +0530 [warn] [33m⚠[39m app\app.js::571: Expected '===' and instead saw '=='.
2026-07-29 18:15:52.842 +0530 [warn] [33m⚠[39m app\app.js::588: 'item_card' is never reassigned. Use 'const' instead.
2026-07-29 18:15:52.843 +0530 [warn] [33m⚠[39m app\app.js::593: 'itemCardElement' is never reassigned. Use 'const' instead.
2026-07-29 18:15:52.843 +0530 [warn] [33m⚠[39m app\app.js::594: 'items' is never reassigned. Use 'const' instead.
2026-07-29 18:15:52.843 +0530 [warn] [33m⚠[39m app\app.js::595: 'removeItems' is never reassigned. Use 'const' instead.
2026-07-29 18:15:52.843 +0530 [warn] [33m⚠[39m app\app.js::604: 'spinner' is never reassigned. Use 'const' instead.
2026-07-29 18:15:52.843 +0530 [warn] [33m⚠[39m app\app.js::653: Function 'elementCreate' has a complexity of 10. Maximum allowed is 7.
2026-07-29 18:15:52.843 +0530 [warn] [33m⚠[39m app\app.js::654: 'el_obj' is never reassigned. Use 'const' instead.
2026-07-29 18:15:52.844 +0530 [warn] [33m⚠[39m app\app.js::673: 'table' is never reassigned. Use 'const' instead.
2026-07-29 18:15:52.844 +0530 [warn] [33m⚠[39m app\app.js::673: 'parentdiv' is never reassigned. Use 'const' instead.
2026-07-29 18:15:52.844 +0530 [warn] [33m⚠[39m app\app.js::684: 'table11' is never reassigned. Use 'const' instead.
2026-07-29 18:15:52.844 +0530 [warn] [33m⚠[39m app\app.js::686: 'tr11' is never reassigned. Use 'const' instead.
2026-07-29 18:15:52.844 +0530 [warn] [33m⚠[39m app\app.js::688: 'td12' is never reassigned. Use 'const' instead.
2026-07-29 18:15:52.845 +0530 [warn] [33m⚠[39m app\app.js::689: 'table1' is never reassigned. Use 'const' instead.
2026-07-29 18:15:52.845 +0530 [warn] [33m⚠[39m app\app.js::690: 'tr1' is never reassigned. Use 'const' instead.
2026-07-29 18:15:52.845 +0530 [warn] [33m⚠[39m app\app.js::691: 'td1' is never reassigned. Use 'const' instead.
2026-07-29 18:15:52.845 +0530 [warn] [33m⚠[39m app\app.js::694: 'tr2' is never reassigned. Use 'const' instead.
2026-07-29 18:15:52.845 +0530 [warn] [33m⚠[39m app\app.js::695: 'td2' is never reassigned. Use 'const' instead.
2026-07-29 18:15:52.846 +0530 [warn] [33m⚠[39m app\app.js::698: 'tr44' is never reassigned. Use 'const' instead.
2026-07-29 18:15:52.846 +0530 [warn] [33m⚠[39m app\app.js::699: 'td44' is never reassigned. Use 'const' instead.
2026-07-29 18:15:52.846 +0530 [warn] [33m⚠[39m app\app.js::723: 'item_card_attr' is never reassigned. Use 'const' instead.
2026-07-29 18:15:52.846 +0530 [warn] [33m⚠[39m app\app.js::750: Function has a complexity of 9. Maximum allowed is 7.
2026-07-29 18:15:52.846 +0530 [warn] [33m⚠[39m app\app.js::772: 'payment' is never reassigned. Use 'const' instead.
2026-07-29 18:15:52.846 +0530 [warn] [33m⚠[39m app\app.js::773: Expected '!==' and instead saw '!='.
2026-07-29 18:15:52.846 +0530 [warn] [33m⚠[39m app\app.js::774: 'paymentStatus' is never reassigned. Use 'const' instead.
2026-07-29 18:15:52.847 +0530 [warn] [33m⚠[39m app\app.js::804: Expected '===' and instead saw '=='.
2026-07-29 18:15:52.847 +0530 [warn] [33m⚠[39m app\app.js::804: Expected '===' and instead saw '=='.
2026-07-29 18:15:52.847 +0530 [warn] [33m⚠[39m app\app.js::813: Expected '===' and instead saw '=='.
2026-07-29 18:15:52.848 +0530 [warn] [33m⚠[39m app\app.js::813: Expected '===' and instead saw '=='.
2026-07-29 18:15:52.848 +0530 [warn] [33m⚠[39m app\app.js::818: 'span1' is never reassigned. Use 'const' instead.
2026-07-29 18:15:52.848 +0530 [warn] [33m⚠[39m app\app.js::829: Expected '===' and instead saw '=='.
2026-07-29 18:15:52.849 +0530 [warn] [33m⚠[39m app\app.js::829: Expected '===' and instead saw '=='.
2026-07-29 18:15:52.849 +0530 [warn] [33m⚠[39m app\app.js::834: 'span1' is never reassigned. Use 'const' instead.
2026-07-29 18:15:52.849 +0530 [warn] [33m⚠[39m app\app.js::849: 'span1' is never reassigned. Use 'const' instead.
2026-07-29 18:15:52.849 +0530 [warn] [33m⚠[39m app\app.js::866: Function 'itemCardAttr' has a complexity of 9. Maximum allowed is 7.
2026-07-29 18:15:52.850 +0530 [warn] [33m⚠[39m app\app.js::868: 'data4' is never reassigned. Use 'const' instead.
2026-07-29 18:15:52.850 +0530 [warn] [33m⚠[39m app\app.js::869: 'data5' is never reassigned. Use 'const' instead.
2026-07-29 18:15:52.850 +0530 [warn] [33m⚠[39m app\app.js::871: 'parentdiv' is never reassigned. Use 'const' instead.
2026-07-29 18:15:52.851 +0530 [warn] [33m⚠[39m app\app.js::873: 'item_prop' is never reassigned. Use 'const' instead.
2026-07-29 18:15:52.851 +0530 [warn] [33m⚠[39m app\app.js::875: 'table' is never reassigned. Use 'const' instead.
2026-07-29 18:15:52.851 +0530 [warn] [33m⚠[39m app\app.js::882: 'val_attr' is never reassigned. Use 'const' instead.
2026-07-29 18:15:52.851 +0530 [warn] [33m⚠[39m app\app.js::883: 'ship_meth' is never reassigned. Use 'const' instead.
2026-07-29 18:15:52.851 +0530 [warn] [33m⚠[39m app\app.js::884: 'pay_attr' is never reassigned. Use 'const' instead.
2026-07-29 18:15:52.851 +0530 [warn] [33m⚠[39m app\app.js::894: Expected '===' and instead saw '=='.
2026-07-29 18:15:52.852 +0530 [warn] [33m⚠[39m app\app.js::898: Expected '===' and instead saw '=='.
2026-07-29 18:15:52.852 +0530 [warn] [33m⚠[39m app\app.js::902: Expected '===' and instead saw '=='.
2026-07-29 18:15:52.852 +0530 [warn] [33m⚠[39m app\app.js::924: 'stock_orders_id' is never reassigned. Use 'const' instead.
2026-07-29 18:15:52.852 +0530 [warn] [33m⚠[39m app\app.js::925: 'table' is never reassigned. Use 'const' instead.
2026-07-29 18:15:52.852 +0530 [warn] [33m⚠[39m app\app.js::932: 'tr' is never reassigned. Use 'const' instead.
2026-07-29 18:15:52.852 +0530 [warn] [33m⚠[39m app\app.js::932: 'td' is never reassigned. Use 'const' instead.
2026-07-29 18:15:52.852 +0530 [warn] [33m⚠[39m app\app.js::935: 'table11' is never reassigned. Use 'const' instead.
2026-07-29 18:15:52.853 +0530 [warn] [33m⚠[39m app\app.js::937: 'tr11' is never reassigned. Use 'const' instead.
2026-07-29 18:15:52.853 +0530 [warn] [33m⚠[39m app\app.js::939: 'td12' is never reassigned. Use 'const' instead.
2026-07-29 18:15:52.853 +0530 [warn] [33m⚠[39m app\app.js::940: 'table1' is never reassigned. Use 'const' instead.
2026-07-29 18:15:52.853 +0530 [warn] [33m⚠[39m app\app.js::941: 'tr1_' is never reassigned. Use 'const' instead.
2026-07-29 18:15:52.853 +0530 [warn] [33m⚠[39m app\app.js::942: 'td1_' is never reassigned. Use 'const' instead.
2026-07-29 18:15:52.853 +0530 [warn] [33m⚠[39m app\app.js::944: 'b1_' is never reassigned. Use 'const' instead.
2026-07-29 18:15:52.853 +0530 [warn] [33m⚠[39m app\app.js::949: 'tr1' is never reassigned. Use 'const' instead.
2026-07-29 18:15:52.854 +0530 [warn] [33m⚠[39m app\app.js::950: 'td1' is never reassigned. Use 'const' instead.
2026-07-29 18:15:52.854 +0530 [warn] [33m⚠[39m app\app.js::952: 'b9_' is never reassigned. Use 'const' instead.
2026-07-29 18:15:52.854 +0530 [warn] [33m⚠[39m app\app.js::957: 'tr2' is never reassigned. Use 'const' instead.
2026-07-29 18:15:52.854 +0530 [warn] [33m⚠[39m app\app.js::958: 'td2' is never reassigned. Use 'const' instead.
2026-07-29 18:15:52.854 +0530 [warn] [33m⚠[39m app\app.js::960: 'b2_' is never reassigned. Use 'const' instead.
2026-07-29 18:15:52.854 +0530 [warn] [33m⚠[39m app\app.js::965: 'tr44' is never reassigned. Use 'const' instead.
2026-07-29 18:15:52.854 +0530 [warn] [33m⚠[39m app\app.js::966: 'td44' is never reassigned. Use 'const' instead.
2026-07-29 18:15:52.854 +0530 [warn] [33m⚠[39m app\app.js::968: 'b3_' is never reassigned. Use 'const' instead.
2026-07-29 18:15:52.854 +0530 [warn] [33m⚠[39m app\app.js::976: 'tr45' is never reassigned. Use 'const' instead.
2026-07-29 18:15:52.854 +0530 [warn] [33m⚠[39m app\app.js::977: 'td45' is never reassigned. Use 'const' instead.
2026-07-29 18:15:52.855 +0530 [warn] [33m⚠[39m app\app.js::979: 'b4_' is never reassigned. Use 'const' instead.
2026-07-29 18:15:52.855 +0530 [warn] [33m⚠[39m app\app.js::986: 'tr49' is never reassigned. Use 'const' instead.
2026-07-29 18:15:52.855 +0530 [warn] [33m⚠[39m app\app.js::987: 'td49' is never reassigned. Use 'const' instead.
2026-07-29 18:15:52.855 +0530 [warn] [33m⚠[39m app\app.js::989: 'b5_' is never reassigned. Use 'const' instead.
2026-07-29 18:15:52.855 +0530 [warn] [33m⚠[39m app\app.js::997: 'tr45' is never reassigned. Use 'const' instead.
2026-07-29 18:15:52.855 +0530 [warn] [33m⚠[39m app\app.js::998: 'td45' is never reassigned. Use 'const' instead.
2026-07-29 18:15:52.855 +0530 [warn] [33m⚠[39m app\app.js::1003: 'tr49' is never reassigned. Use 'const' instead.
2026-07-29 18:15:52.856 +0530 [warn] [33m⚠[39m app\app.js::1004: 'td49' is never reassigned. Use 'const' instead.
2026-07-29 18:15:52.856 +0530 [warn] [33m⚠[39m app\app.js::1010: 'tr46' is never reassigned. Use 'const' instead.
2026-07-29 18:15:52.856 +0530 [warn] [33m⚠[39m app\app.js::1011: 'td46' is never reassigned. Use 'const' instead.
2026-07-29 18:15:52.856 +0530 [warn] [33m⚠[39m app\app.js::1013: 'b6_' is never reassigned. Use 'const' instead.
2026-07-29 18:15:52.856 +0530 [warn] [33m⚠[39m app\app.js::1020: 'tr47' is never reassigned. Use 'const' instead.
2026-07-29 18:15:52.857 +0530 [warn] [33m⚠[39m app\app.js::1021: 'td47' is never reassigned. Use 'const' instead.
2026-07-29 18:15:52.857 +0530 [warn] [33m⚠[39m app\app.js::1023: 'b7_' is never reassigned. Use 'const' instead.
2026-07-29 18:15:52.857 +0530 [warn] [33m⚠[39m app\app.js::1030: 'tr48' is never reassigned. Use 'const' instead.
2026-07-29 18:15:52.857 +0530 [warn] [33m⚠[39m app\app.js::1031: 'td48' is never reassigned. Use 'const' instead.
2026-07-29 18:15:52.857 +0530 [warn] [33m⚠[39m app\app.js::1033: 'b8_' is never reassigned. Use 'const' instead.
2026-07-29 18:15:52.857 +0530 [warn] [33m⚠[39m app\app.js::1056: 'textElement' is never reassigned. Use 'const' instead.
2026-07-29 18:15:52.858 +0530 [warn] [33m⚠[39m app\app.js::1057: 'getContact' is never reassigned. Use 'const' instead.
2026-07-29 18:15:58.405 +0530 [warn] [33m⚠[39m app\js\index.js::5: 'self' is never reassigned. Use 'const' instead.
2026-07-29 18:15:58.405 +0530 [warn] [33m⚠[39m app\js\index.js::6: 'li' is never reassigned. Use 'const' instead.
2026-07-29 18:15:58.405 +0530 [warn] [33m⚠[39m app\js\index.js::10: 'active' is never reassigned. Use 'const' instead.
2026-07-29 18:15:58.405 +0530 [warn] [33m⚠[39m app\js\index.js::18: 'em' is never reassigned. Use 'const' instead.
2026-07-29 18:15:58.405 +0530 [warn] [33m⚠[39m app\js\index.js::22: 'left' is never reassigned. Use 'const' instead.
2026-07-29 18:15:58.405 +0530 [warn] [33m⚠[39m app\js\index.js::23: 'leftNew' is never reassigned. Use 'const' instead.
2026-07-29 18:15:58.405 +0530 [warn] [33m⚠[39m app\js\index.js::24: 'toRight' is never reassigned. Use 'const' instead.
2026-07-29 18:15:58.406 +0530 [warn] 
2026-07-29 18:15:58.406 +0530 [debug] (watcher.js) Preparing to watch the following files ./app,./config,./manifest.json
2026-07-29 18:15:58.406 +0530 [debug] (data.js) Read {"report_hash":"49f3a3c7356e01f750678d89647290496e684c2ba2d02102335316575843b360"}
2026-07-29 18:15:58.406 +0530 [debug] (custom-objects.js) to force or not? undefined
2026-07-29 18:15:58.406 +0530 [debug] (custom-objects.js) beginning to re-sync db
2026-07-29 18:15:59.310 +0530 [debug] (data.js) Read {"report_hash":"49f3a3c7356e01f750678d89647290496e684c2ba2d02102335316575843b360"}
2026-07-29 18:15:59.312 +0530 [debug] (custom-objects.js) updated local store with latest entity hash
2026-07-29 18:15:59.312 +0530 [debug] (run.js) migrate stored oauth configs from localstore to sqlite
2026-07-29 18:15:59.342 +0530 [debug] (data.js) Read {"report_hash":"49f3a3c7356e01f750678d89647290496e684c2ba2d02102335316575843b360"}
2026-07-29 18:15:59.343 +0530 [debug] (data.js) Read {"report_hash":"49f3a3c7356e01f750678d89647290496e684c2ba2d02102335316575843b360"}
2026-07-29 18:15:59.343 +0530 [debug] (oauth.js) app without oauth configs, skipping oauth configs migration
2026-07-29 18:15:59.344 +0530 [debug] (data.js) Read {"report_hash":"49f3a3c7356e01f750678d89647290496e684c2ba2d02102335316575843b360"}
2026-07-29 18:15:59.344 +0530 [debug] (oauth.js) successfully migrated all oauths: 
2026-07-29 18:15:59.373 +0530 [debug] (data.js) Read {"report_hash":"49f3a3c7356e01f750678d89647290496e684c2ba2d02102335316575843b360","plenty_101_101_migrate_oauth_status":true}
2026-07-29 18:15:59.375 +0530 [info] Starting local testing server at http://*:10001/    
Append 'dev=true' to your current host URL to start testing    
     
e.g:     
2026-07-29 18:15:59.375 +0530 [info]   https://domain.freshdesk.com/a/tickets/1?dev=true
2026-07-29 18:15:59.375 +0530 [info] 
Quit the server with Control-C.
2026-07-29 18:15:59.376 +0530 [info] 
To test the installation page, visit - http://localhost:10001/custom_configs
2026-07-29 18:16:29.463 +0530 [debug] (http.js) Failed to parse URL: , error: Invalid URL
2026-07-29 18:16:29.469 +0530 [debug] (configs.js) manifest featurers : db
2026-07-29 18:16:29.886 +0530 [debug] (oauth.js) Fetching oauth configs of product : modules
2026-07-29 18:16:29.887 +0530 [debug] (iframe.js) Checking is authorized for all oauths 
2026-07-29 18:16:29.890 +0530 [debug] (data.js) Read {"report_hash":"49f3a3c7356e01f750678d89647290496e684c2ba2d02102335316575843b360","plenty_101_101_migrate_oauth_status":true}
2026-07-29 18:16:29.894 +0530 [debug] (data.js) Read {"report_hash":"49f3a3c7356e01f750678d89647290496e684c2ba2d02102335316575843b360","plenty_101_101_migrate_oauth_status":true}
2026-07-29 18:16:29.898 +0530 [debug] (data.js) Read {"report_hash":"49f3a3c7356e01f750678d89647290496e684c2ba2d02102335316575843b360","plenty_101_101_migrate_oauth_status":true}
2026-07-29 18:16:29.898 +0530 [debug] (iframe.js) Responding to product with {"configs":{},"displayName":"plenty-markets","product":{"freshdesk":{"location":{"ticket_sidebar":{"url":"agent/template.html","icon":"agent/icon.svg"}},"requests":{"login":{},"validateCredentials":{},"getWorkitem":{},"getOrderNumberItems":{}}}},"modules":{"common":{"requests":{"login":{},"validateCredentials":{},"getWorkitem":{},"getOrderNumberItems":{}}},"support_ticket":{"location":{"ticket_sidebar":{"url":"template.html","icon":"icon.svg"}}}},"features":["db"],"actions":false,"omni":false,"products":["freshdesk"],"platform":"3.0","isInstall":true,"oauth_configs_list":[],"subscribed_modules":null,"endpoint_urls":null,"product_types":{},"currentHost":{"subscribed_modules":null,"endpoint_urls":null,"org_domain":null,"product_types":{}},"isAuthorized":true,"v2":[]}
2026-07-29 18:16:29.907 +0530 [debug] (data.js) Read {"report_hash":"49f3a3c7356e01f750678d89647290496e684c2ba2d02102335316575843b360","plenty_101_101_migrate_oauth_status":true}
2026-07-29 18:16:32.120 +0530 [debug] (oauth.js) Fetching oauth configs of product : modules
2026-07-29 18:16:32.121 +0530 [debug] (iframe.js) Checking is authorized for all oauths 
2026-07-29 18:16:32.124 +0530 [debug] (data.js) Read {"report_hash":"49f3a3c7356e01f750678d89647290496e684c2ba2d02102335316575843b360","plenty_101_101_migrate_oauth_status":true}
2026-07-29 18:16:32.126 +0530 [debug] (data.js) Read {"report_hash":"49f3a3c7356e01f750678d89647290496e684c2ba2d02102335316575843b360","plenty_101_101_migrate_oauth_status":true}
2026-07-29 18:16:32.127 +0530 [debug] (data.js) Read {"report_hash":"49f3a3c7356e01f750678d89647290496e684c2ba2d02102335316575843b360","plenty_101_101_migrate_oauth_status":true}
2026-07-29 18:16:32.128 +0530 [debug] (iframe.js) Responding to product with {"configs":{},"displayName":"plenty-markets","product":{"freshdesk":{"location":{"ticket_sidebar":{"url":"agent/template.html","icon":"agent/icon.svg"}},"requests":{"login":{},"validateCredentials":{},"getWorkitem":{},"getOrderNumberItems":{}}}},"modules":{"common":{"requests":{"login":{},"validateCredentials":{},"getWorkitem":{},"getOrderNumberItems":{}}},"support_ticket":{"location":{"ticket_sidebar":{"url":"template.html","icon":"icon.svg"}}}},"features":["db"],"actions":false,"omni":false,"products":["freshdesk"],"platform":"3.0","isInstall":true,"oauth_configs_list":[],"subscribed_modules":null,"endpoint_urls":null,"product_types":{},"currentHost":{"subscribed_modules":null,"endpoint_urls":null,"org_domain":null,"product_types":{}},"isAuthorized":true,"v2":[]}
2026-07-29 18:16:32.133 +0530 [debug] (data.js) Read {"report_hash":"49f3a3c7356e01f750678d89647290496e684c2ba2d02102335316575843b360","plenty_101_101_migrate_oauth_status":true}
2026-07-29 18:21:21.716 +0530 [debug] (data.js) Read {"report_hash":"49f3a3c7356e01f750678d89647290496e684c2ba2d02102335316575843b360","plenty_101_101_migrate_oauth_status":true}
2026-07-29 18:21:23.748 +0530 [debug] (configs.js) manifest featurers : db
2026-07-29 18:21:23.814 +0530 [debug] (oauth.js) Fetching oauth configs of product : modules
2026-07-29 18:21:23.815 +0530 [debug] (iframe.js) Checking is authorized for all oauths 
2026-07-29 18:21:23.817 +0530 [debug] (data.js) Read {"report_hash":"49f3a3c7356e01f750678d89647290496e684c2ba2d02102335316575843b360","plenty_101_101_migrate_oauth_status":true,"plenty_101_101_modules":{"plenty_101_101_system_settings":{"currentHost":{"endpoint_urls":{"freshdesk":"https://identifyyou1100.freshdesk.com/"},"subscribed_modules":["support_ticket"],"org_domain":"https://p74712.my.plentysystems.com/","product_types":{"freshdesk":"DEFAULT"}}}}}
2026-07-29 18:21:23.819 +0530 [debug] (data.js) Read {"report_hash":"49f3a3c7356e01f750678d89647290496e684c2ba2d02102335316575843b360","plenty_101_101_migrate_oauth_status":true,"plenty_101_101_modules":{"plenty_101_101_system_settings":{"currentHost":{"endpoint_urls":{"freshdesk":"https://identifyyou1100.freshdesk.com/"},"subscribed_modules":["support_ticket"],"org_domain":"https://p74712.my.plentysystems.com/","product_types":{"freshdesk":"DEFAULT"}}}}}
2026-07-29 18:21:23.821 +0530 [debug] (data.js) Read {"report_hash":"49f3a3c7356e01f750678d89647290496e684c2ba2d02102335316575843b360","plenty_101_101_migrate_oauth_status":true,"plenty_101_101_modules":{"plenty_101_101_system_settings":{"currentHost":{"endpoint_urls":{"freshdesk":"https://identifyyou1100.freshdesk.com/"},"subscribed_modules":["support_ticket"],"org_domain":"https://p74712.my.plentysystems.com/","product_types":{"freshdesk":"DEFAULT"}}}}}
2026-07-29 18:21:23.822 +0530 [debug] (iframe.js) Responding to product with {"configs":{},"displayName":"plenty-markets","product":{"freshdesk":{"location":{"ticket_sidebar":{"url":"agent/template.html","icon":"agent/icon.svg"}},"requests":{"login":{},"validateCredentials":{},"getWorkitem":{},"getOrderNumberItems":{}}}},"modules":{"common":{"requests":{"login":{},"validateCredentials":{},"getWorkitem":{},"getOrderNumberItems":{}}},"support_ticket":{"location":{"ticket_sidebar":{"url":"template.html","icon":"icon.svg"}}}},"features":["db"],"actions":false,"omni":false,"products":["freshdesk"],"platform":"3.0","isInstall":true,"oauth_configs_list":[],"subscribed_modules":["support_ticket"],"endpoint_urls":{"freshdesk":"https://identifyyou1100.freshdesk.com/"},"product_types":{"freshdesk":"DEFAULT"},"currentHost":{"endpoint_urls":{"freshdesk":"https://identifyyou1100.freshdesk.com/"},"subscribed_modules":["support_ticket"],"product_types":{"freshdesk":"DEFAULT"}},"isAuthorized":true,"v2":[]}
2026-07-29 18:21:23.825 +0530 [debug] (data.js) Read {"report_hash":"49f3a3c7356e01f750678d89647290496e684c2ba2d02102335316575843b360","plenty_101_101_migrate_oauth_status":true,"plenty_101_101_modules":{"plenty_101_101_system_settings":{"currentHost":{"endpoint_urls":{"freshdesk":"https://identifyyou1100.freshdesk.com/"},"subscribed_modules":["support_ticket"],"org_domain":"https://p74712.my.plentysystems.com/","product_types":{"freshdesk":"DEFAULT"}}}}}
2026-07-29 18:21:23.836 +0530 [debug] (data.js) Read {"report_hash":"49f3a3c7356e01f750678d89647290496e684c2ba2d02102335316575843b360","plenty_101_101_migrate_oauth_status":true,"plenty_101_101_modules":{"plenty_101_101_system_settings":{"currentHost":{"endpoint_urls":{"freshdesk":"https://identifyyou1100.freshdesk.com/"},"subscribed_modules":["support_ticket"],"org_domain":"https://p74712.my.plentysystems.com/","product_types":{"freshdesk":"DEFAULT"}}}}}
2026-07-29 18:26:19.539 +0530 [debug] (data-pipe.js) received call for route "request" with action "execute" and body {"action":"execute","data":{"name":"validateCredentials","context":{"domain":""},"body":"{\"username\":\"\",\"password\":\"\"}","isInstall":true,"isOAuth":true},"isInstall":true}
2026-07-29 18:26:19.543 +0530 [debug] (data.js) Read {"report_hash":"49f3a3c7356e01f750678d89647290496e684c2ba2d02102335316575843b360","plenty_101_101_migrate_oauth_status":true,"plenty_101_101_modules":{"plenty_101_101_system_settings":{"currentHost":{"endpoint_urls":{"freshdesk":"https://identifyyou1100.freshdesk.com/"},"subscribed_modules":["support_ticket"],"org_domain":"https://p74712.my.plentysystems.com/","product_types":{"freshdesk":"DEFAULT"}}}}}
2026-07-29 18:26:19.780 +0530 [debug] (http.js) Failed to parse URL: https://<%= context.domain %>, error: Invalid URL
2026-07-29 18:26:19.781 +0530 [debug] (request.js) Checking request template for multi-oauth app
2026-07-29 18:26:19.785 +0530 [debug] (data.js) Read {"report_hash":"49f3a3c7356e01f750678d89647290496e684c2ba2d02102335316575843b360","plenty_101_101_migrate_oauth_status":true,"plenty_101_101_modules":{"plenty_101_101_system_settings":{"currentHost":{"endpoint_urls":{"freshdesk":"https://identifyyou1100.freshdesk.com/"},"subscribed_modules":["support_ticket"],"org_domain":"https://p74712.my.plentysystems.com/","product_types":{"freshdesk":"DEFAULT"}}}}}
2026-07-29 18:26:19.788 +0530 [debug] (data.js) Read {"report_hash":"49f3a3c7356e01f750678d89647290496e684c2ba2d02102335316575843b360","plenty_101_101_migrate_oauth_status":true,"plenty_101_101_modules":{"plenty_101_101_system_settings":{"currentHost":{"endpoint_urls":{"freshdesk":"https://identifyyou1100.freshdesk.com/"},"subscribed_modules":["support_ticket"],"org_domain":"https://p74712.my.plentysystems.com/","product_types":{"freshdesk":"DEFAULT"}}}}}
2026-07-29 18:26:19.791 +0530 [debug] (data.js) Read {"report_hash":"49f3a3c7356e01f750678d89647290496e684c2ba2d02102335316575843b360","plenty_101_101_migrate_oauth_status":true,"plenty_101_101_modules":{"plenty_101_101_system_settings":{"currentHost":{"endpoint_urls":{"freshdesk":"https://identifyyou1100.freshdesk.com/"},"subscribed_modules":["support_ticket"],"org_domain":"https://p74712.my.plentysystems.com/","product_types":{"freshdesk":"DEFAULT"}}}}}
2026-07-29 18:26:19.792 +0530 [debug] (request.js) Obtained creds 
2026-07-29 18:26:19.795 +0530 [debug] (data.js) Read {"report_hash":"49f3a3c7356e01f750678d89647290496e684c2ba2d02102335316575843b360","plenty_101_101_migrate_oauth_status":true,"plenty_101_101_modules":{"plenty_101_101_system_settings":{"currentHost":{"endpoint_urls":{"freshdesk":"https://identifyyou1100.freshdesk.com/"},"subscribed_modules":["support_ticket"],"org_domain":"https://p74712.my.plentysystems.com/","product_types":{"freshdesk":"DEFAULT"}}}}}
2026-07-29 18:26:19.798 +0530 [debug] (request.js) error while validating schema or fetching files for validateCredentials: runtime validation failed.
2026-07-29 18:26:22.549 +0530 [debug] (data-pipe.js) received call for route "request" with action "execute" and body {"action":"execute","data":{"name":"validateCredentials","context":{"domain":""},"body":"{\"username\":\"\",\"password\":\"\"}","isInstall":true,"isOAuth":true},"isInstall":true}
2026-07-29 18:26:22.551 +0530 [debug] (data.js) Read {"report_hash":"49f3a3c7356e01f750678d89647290496e684c2ba2d02102335316575843b360","plenty_101_101_migrate_oauth_status":true,"plenty_101_101_modules":{"plenty_101_101_system_settings":{"currentHost":{"endpoint_urls":{"freshdesk":"https://identifyyou1100.freshdesk.com/"},"subscribed_modules":["support_ticket"],"org_domain":"https://p74712.my.plentysystems.com/","product_types":{"freshdesk":"DEFAULT"}}}}}
2026-07-29 18:26:22.551 +0530 [debug] (http.js) Failed to parse URL: https://<%= context.domain %>, error: Invalid URL
2026-07-29 18:26:22.552 +0530 [debug] (request.js) Checking request template for multi-oauth app
2026-07-29 18:26:22.553 +0530 [debug] (data.js) Read {"report_hash":"49f3a3c7356e01f750678d89647290496e684c2ba2d02102335316575843b360","plenty_101_101_migrate_oauth_status":true,"plenty_101_101_modules":{"plenty_101_101_system_settings":{"currentHost":{"endpoint_urls":{"freshdesk":"https://identifyyou1100.freshdesk.com/"},"subscribed_modules":["support_ticket"],"org_domain":"https://p74712.my.plentysystems.com/","product_types":{"freshdesk":"DEFAULT"}}}}}
2026-07-29 18:26:22.554 +0530 [debug] (data.js) Read {"report_hash":"49f3a3c7356e01f750678d89647290496e684c2ba2d02102335316575843b360","plenty_101_101_migrate_oauth_status":true,"plenty_101_101_modules":{"plenty_101_101_system_settings":{"currentHost":{"endpoint_urls":{"freshdesk":"https://identifyyou1100.freshdesk.com/"},"subscribed_modules":["support_ticket"],"org_domain":"https://p74712.my.plentysystems.com/","product_types":{"freshdesk":"DEFAULT"}}}}}
2026-07-29 18:26:22.557 +0530 [debug] (data.js) Read {"report_hash":"49f3a3c7356e01f750678d89647290496e684c2ba2d02102335316575843b360","plenty_101_101_migrate_oauth_status":true,"plenty_101_101_modules":{"plenty_101_101_system_settings":{"currentHost":{"endpoint_urls":{"freshdesk":"https://identifyyou1100.freshdesk.com/"},"subscribed_modules":["support_ticket"],"org_domain":"https://p74712.my.plentysystems.com/","product_types":{"freshdesk":"DEFAULT"}}}}}
2026-07-29 18:26:22.557 +0530 [debug] (request.js) Obtained creds 
2026-07-29 18:26:22.558 +0530 [debug] (data.js) Read {"report_hash":"49f3a3c7356e01f750678d89647290496e684c2ba2d02102335316575843b360","plenty_101_101_migrate_oauth_status":true,"plenty_101_101_modules":{"plenty_101_101_system_settings":{"currentHost":{"endpoint_urls":{"freshdesk":"https://identifyyou1100.freshdesk.com/"},"subscribed_modules":["support_ticket"],"org_domain":"https://p74712.my.plentysystems.com/","product_types":{"freshdesk":"DEFAULT"}}}}}
2026-07-29 18:26:22.565 +0530 [debug] (request.js) error while validating schema or fetching files for validateCredentials: runtime validation failed.
2026-07-29 18:26:31.278 +0530 [debug] (http.js) Failed to parse URL: , error: Invalid URL
2026-07-29 18:26:36.905 +0530 [debug] (configs.js) manifest featurers : db
2026-07-29 18:26:36.973 +0530 [debug] (http.js) Failed to parse URL: , error: Invalid URL
2026-07-29 18:26:37.392 +0530 [debug] (oauth.js) Fetching oauth configs of product : modules
2026-07-29 18:26:37.393 +0530 [debug] (iframe.js) Checking is authorized for all oauths 
2026-07-29 18:26:37.394 +0530 [debug] (data.js) Read {"report_hash":"49f3a3c7356e01f750678d89647290496e684c2ba2d02102335316575843b360","plenty_101_101_migrate_oauth_status":true,"plenty_101_101_modules":{"plenty_101_101_system_settings":{"currentHost":{"endpoint_urls":{"freshdesk":"https://identifyyou1100.freshdesk.com/"},"subscribed_modules":["support_ticket"],"org_domain":"https://p74712.my.plentysystems.com/","product_types":{"freshdesk":"DEFAULT"}}}}}
2026-07-29 18:26:37.397 +0530 [debug] (data.js) Read {"report_hash":"49f3a3c7356e01f750678d89647290496e684c2ba2d02102335316575843b360","plenty_101_101_migrate_oauth_status":true,"plenty_101_101_modules":{"plenty_101_101_system_settings":{"currentHost":{"endpoint_urls":{"freshdesk":"https://identifyyou1100.freshdesk.com/"},"subscribed_modules":["support_ticket"],"org_domain":"https://p74712.my.plentysystems.com/","product_types":{"freshdesk":"DEFAULT"}}}}}
2026-07-29 18:26:37.397 +0530 [debug] (data.js) Read {"report_hash":"49f3a3c7356e01f750678d89647290496e684c2ba2d02102335316575843b360","plenty_101_101_migrate_oauth_status":true,"plenty_101_101_modules":{"plenty_101_101_system_settings":{"currentHost":{"endpoint_urls":{"freshdesk":"https://identifyyou1100.freshdesk.com/"},"subscribed_modules":["support_ticket"],"org_domain":"https://p74712.my.plentysystems.com/","product_types":{"freshdesk":"DEFAULT"}}}}}
2026-07-29 18:26:37.398 +0530 [debug] (iframe.js) Responding to product with {"configs":{},"displayName":"plenty-markets","product":{"freshdesk":{"location":{"ticket_sidebar":{"url":"agent/template.html","icon":"agent/icon.svg"}},"requests":{"login":{},"validateCredentials":{},"getWorkitem":{},"getOrderNumberItems":{}}}},"modules":{"common":{"requests":{"login":{},"validateCredentials":{},"getWorkitem":{},"getOrderNumberItems":{}}},"support_ticket":{"location":{"ticket_sidebar":{"url":"template.html","icon":"icon.svg"}}}},"features":["db"],"actions":false,"omni":false,"products":["freshdesk"],"platform":"3.0","isInstall":true,"oauth_configs_list":[],"subscribed_modules":["support_ticket"],"endpoint_urls":{"freshdesk":"https://identifyyou1100.freshdesk.com/"},"product_types":{"freshdesk":"DEFAULT"},"currentHost":{"endpoint_urls":{"freshdesk":"https://identifyyou1100.freshdesk.com/"},"subscribed_modules":["support_ticket"],"product_types":{"freshdesk":"DEFAULT"}},"isAuthorized":true,"v2":[]}
2026-07-29 18:26:37.404 +0530 [debug] (data.js) Read {"report_hash":"49f3a3c7356e01f750678d89647290496e684c2ba2d02102335316575843b360","plenty_101_101_migrate_oauth_status":true,"plenty_101_101_modules":{"plenty_101_101_system_settings":{"currentHost":{"endpoint_urls":{"freshdesk":"https://identifyyou1100.freshdesk.com/"},"subscribed_modules":["support_ticket"],"org_domain":"https://p74712.my.plentysystems.com/","product_types":{"freshdesk":"DEFAULT"}}}}}
2026-07-29 18:26:37.415 +0530 [debug] (data.js) Read {"report_hash":"49f3a3c7356e01f750678d89647290496e684c2ba2d02102335316575843b360","plenty_101_101_migrate_oauth_status":true,"plenty_101_101_modules":{"plenty_101_101_system_settings":{"currentHost":{"endpoint_urls":{"freshdesk":"https://identifyyou1100.freshdesk.com/"},"subscribed_modules":["support_ticket"],"org_domain":"https://p74712.my.plentysystems.com/","product_types":{"freshdesk":"DEFAULT"}}}}}
2026-07-29 18:26:44.589 +0530 [debug] (data-pipe.js) received call for route "request" with action "execute" and body {"action":"execute","data":{"name":"validateCredentials","context":{"domain":""},"body":"{\"username\":\"\",\"password\":\"\"}","isInstall":true,"isOAuth":true},"isInstall":true}
2026-07-29 18:26:44.593 +0530 [debug] (data.js) Read {"report_hash":"49f3a3c7356e01f750678d89647290496e684c2ba2d02102335316575843b360","plenty_101_101_migrate_oauth_status":true,"plenty_101_101_modules":{"plenty_101_101_system_settings":{"currentHost":{"endpoint_urls":{"freshdesk":"https://identifyyou1100.freshdesk.com/"},"subscribed_modules":["support_ticket"],"org_domain":"https://p74712.my.plentysystems.com/","product_types":{"freshdesk":"DEFAULT"}}}}}
2026-07-29 18:26:44.594 +0530 [debug] (http.js) Failed to parse URL: https://<%= context.domain %>, error: Invalid URL
2026-07-29 18:26:44.596 +0530 [debug] (request.js) Checking request template for multi-oauth app
2026-07-29 18:26:44.601 +0530 [debug] (data.js) Read {"report_hash":"49f3a3c7356e01f750678d89647290496e684c2ba2d02102335316575843b360","plenty_101_101_migrate_oauth_status":true,"plenty_101_101_modules":{"plenty_101_101_system_settings":{"currentHost":{"endpoint_urls":{"freshdesk":"https://identifyyou1100.freshdesk.com/"},"subscribed_modules":["support_ticket"],"org_domain":"https://p74712.my.plentysystems.com/","product_types":{"freshdesk":"DEFAULT"}}}}}
2026-07-29 18:26:44.602 +0530 [debug] (data.js) Read {"report_hash":"49f3a3c7356e01f750678d89647290496e684c2ba2d02102335316575843b360","plenty_101_101_migrate_oauth_status":true,"plenty_101_101_modules":{"plenty_101_101_system_settings":{"currentHost":{"endpoint_urls":{"freshdesk":"https://identifyyou1100.freshdesk.com/"},"subscribed_modules":["support_ticket"],"org_domain":"https://p74712.my.plentysystems.com/","product_types":{"freshdesk":"DEFAULT"}}}}}
2026-07-29 18:26:44.604 +0530 [debug] (data.js) Read {"report_hash":"49f3a3c7356e01f750678d89647290496e684c2ba2d02102335316575843b360","plenty_101_101_migrate_oauth_status":true,"plenty_101_101_modules":{"plenty_101_101_system_settings":{"currentHost":{"endpoint_urls":{"freshdesk":"https://identifyyou1100.freshdesk.com/"},"subscribed_modules":["support_ticket"],"org_domain":"https://p74712.my.plentysystems.com/","product_types":{"freshdesk":"DEFAULT"}}}}}
2026-07-29 18:26:44.605 +0530 [debug] (request.js) Obtained creds 
2026-07-29 18:26:44.606 +0530 [debug] (data.js) Read {"report_hash":"49f3a3c7356e01f750678d89647290496e684c2ba2d02102335316575843b360","plenty_101_101_migrate_oauth_status":true,"plenty_101_101_modules":{"plenty_101_101_system_settings":{"currentHost":{"endpoint_urls":{"freshdesk":"https://identifyyou1100.freshdesk.com/"},"subscribed_modules":["support_ticket"],"org_domain":"https://p74712.my.plentysystems.com/","product_types":{"freshdesk":"DEFAULT"}}}}}
2026-07-29 18:26:44.609 +0530 [debug] (request.js) error while validating schema or fetching files for validateCredentials: runtime validation failed.
2026-07-29 18:29:01.557 +0530 [debug] (watcher.js) Broadcasted "{"file":"config\\iparams.html"}" to all listeners.
2026-07-29 18:29:04.405 +0530 [debug] (watcher.js) Broadcasted "{"file":"config\\iparams.html"}" to all listeners.
2026-07-29 18:29:06.032 +0530 [debug] (watcher.js) Broadcasted "{"file":"config\\iparams.html"}" to all listeners.
2026-07-29 18:29:10.307 +0530 [debug] (watcher.js) Broadcasted "{"file":"config\\iparams.html"}" to all listeners.
2026-07-29 18:29:13.140 +0530 [debug] (watcher.js) Broadcasted "{"file":"config\\iparams.html"}" to all listeners.
2026-07-29 18:29:15.647 +0530 [debug] (watcher.js) Broadcasted "{"file":"config\\iparams.html"}" to all listeners.
2026-07-29 18:29:19.682 +0530 [debug] (watcher.js) Broadcasted "{"file":"config\\iparams.html"}" to all listeners.
2026-07-29 18:29:21.204 +0530 [debug] (watcher.js) Broadcasted "{"file":"config\\iparams.html"}" to all listeners.
2026-07-29 18:29:23.341 +0530 [debug] (watcher.js) Broadcasted "{"file":"config\\iparams.html"}" to all listeners.
2026-07-29 18:29:35.968 +0530 [debug] (configs.js) manifest featurers : db
2026-07-29 18:29:36.043 +0530 [debug] (http.js) Failed to parse URL: , error: Invalid URL
2026-07-29 18:29:36.097 +0530 [debug] (oauth.js) Fetching oauth configs of product : modules
2026-07-29 18:29:36.097 +0530 [debug] (iframe.js) Checking is authorized for all oauths 
2026-07-29 18:29:36.098 +0530 [debug] (data.js) Read {"report_hash":"49f3a3c7356e01f750678d89647290496e684c2ba2d02102335316575843b360","plenty_101_101_migrate_oauth_status":true,"plenty_101_101_modules":{"plenty_101_101_system_settings":{"currentHost":{"endpoint_urls":{"freshdesk":"https://identifyyou1100.freshdesk.com/"},"subscribed_modules":["support_ticket"],"org_domain":"https://p74712.my.plentysystems.com/","product_types":{"freshdesk":"DEFAULT"}}}}}
2026-07-29 18:29:36.099 +0530 [debug] (data.js) Read {"report_hash":"49f3a3c7356e01f750678d89647290496e684c2ba2d02102335316575843b360","plenty_101_101_migrate_oauth_status":true,"plenty_101_101_modules":{"plenty_101_101_system_settings":{"currentHost":{"endpoint_urls":{"freshdesk":"https://identifyyou1100.freshdesk.com/"},"subscribed_modules":["support_ticket"],"org_domain":"https://p74712.my.plentysystems.com/","product_types":{"freshdesk":"DEFAULT"}}}}}
2026-07-29 18:29:36.100 +0530 [debug] (data.js) Read {"report_hash":"49f3a3c7356e01f750678d89647290496e684c2ba2d02102335316575843b360","plenty_101_101_migrate_oauth_status":true,"plenty_101_101_modules":{"plenty_101_101_system_settings":{"currentHost":{"endpoint_urls":{"freshdesk":"https://identifyyou1100.freshdesk.com/"},"subscribed_modules":["support_ticket"],"org_domain":"https://p74712.my.plentysystems.com/","product_types":{"freshdesk":"DEFAULT"}}}}}
2026-07-29 18:29:36.100 +0530 [debug] (iframe.js) Responding to product with {"configs":{},"displayName":"plenty-markets","product":{"freshdesk":{"location":{"ticket_sidebar":{"url":"agent/template.html","icon":"agent/icon.svg"}},"requests":{"login":{},"validateCredentials":{},"getWorkitem":{},"getOrderNumberItems":{}}}},"modules":{"common":{"requests":{"login":{},"validateCredentials":{},"getWorkitem":{},"getOrderNumberItems":{}}},"support_ticket":{"location":{"ticket_sidebar":{"url":"template.html","icon":"icon.svg"}}}},"features":["db"],"actions":false,"omni":false,"products":["freshdesk"],"platform":"3.0","isInstall":true,"oauth_configs_list":[],"subscribed_modules":["support_ticket"],"endpoint_urls":{"freshdesk":"https://identifyyou1100.freshdesk.com/"},"product_types":{"freshdesk":"DEFAULT"},"currentHost":{"endpoint_urls":{"freshdesk":"https://identifyyou1100.freshdesk.com/"},"subscribed_modules":["support_ticket"],"product_types":{"freshdesk":"DEFAULT"}},"isAuthorized":true,"v2":[]}
2026-07-29 18:29:36.104 +0530 [debug] (data.js) Read {"report_hash":"49f3a3c7356e01f750678d89647290496e684c2ba2d02102335316575843b360","plenty_101_101_migrate_oauth_status":true,"plenty_101_101_modules":{"plenty_101_101_system_settings":{"currentHost":{"endpoint_urls":{"freshdesk":"https://identifyyou1100.freshdesk.com/"},"subscribed_modules":["support_ticket"],"org_domain":"https://p74712.my.plentysystems.com/","product_types":{"freshdesk":"DEFAULT"}}}}}
2026-07-29 18:29:36.118 +0530 [debug] (data.js) Read {"report_hash":"49f3a3c7356e01f750678d89647290496e684c2ba2d02102335316575843b360","plenty_101_101_migrate_oauth_status":true,"plenty_101_101_modules":{"plenty_101_101_system_settings":{"currentHost":{"endpoint_urls":{"freshdesk":"https://identifyyou1100.freshdesk.com/"},"subscribed_modules":["support_ticket"],"org_domain":"https://p74712.my.plentysystems.com/","product_types":{"freshdesk":"DEFAULT"}}}}}
2026-07-29 18:29:38.005 +0530 [debug] (data-pipe.js) received call for route "request" with action "execute" and body {"action":"execute","data":{"name":"validateCredentials","context":{"domain":""},"body":"{\"username\":\"\",\"password\":\"\"}","isInstall":true,"isOAuth":true},"isInstall":true}
2026-07-29 18:29:38.007 +0530 [debug] (data.js) Read {"report_hash":"49f3a3c7356e01f750678d89647290496e684c2ba2d02102335316575843b360","plenty_101_101_migrate_oauth_status":true,"plenty_101_101_modules":{"plenty_101_101_system_settings":{"currentHost":{"endpoint_urls":{"freshdesk":"https://identifyyou1100.freshdesk.com/"},"subscribed_modules":["support_ticket"],"org_domain":"https://p74712.my.plentysystems.com/","product_types":{"freshdesk":"DEFAULT"}}}}}
2026-07-29 18:29:38.008 +0530 [debug] (http.js) Failed to parse URL: https://<%= context.domain %>, error: Invalid URL
2026-07-29 18:29:38.009 +0530 [debug] (request.js) Checking request template for multi-oauth app
2026-07-29 18:29:38.011 +0530 [debug] (data.js) Read {"report_hash":"49f3a3c7356e01f750678d89647290496e684c2ba2d02102335316575843b360","plenty_101_101_migrate_oauth_status":true,"plenty_101_101_modules":{"plenty_101_101_system_settings":{"currentHost":{"endpoint_urls":{"freshdesk":"https://identifyyou1100.freshdesk.com/"},"subscribed_modules":["support_ticket"],"org_domain":"https://p74712.my.plentysystems.com/","product_types":{"freshdesk":"DEFAULT"}}}}}
2026-07-29 18:29:38.012 +0530 [debug] (data.js) Read {"report_hash":"49f3a3c7356e01f750678d89647290496e684c2ba2d02102335316575843b360","plenty_101_101_migrate_oauth_status":true,"plenty_101_101_modules":{"plenty_101_101_system_settings":{"currentHost":{"endpoint_urls":{"freshdesk":"https://identifyyou1100.freshdesk.com/"},"subscribed_modules":["support_ticket"],"org_domain":"https://p74712.my.plentysystems.com/","product_types":{"freshdesk":"DEFAULT"}}}}}
2026-07-29 18:29:38.015 +0530 [debug] (data.js) Read {"report_hash":"49f3a3c7356e01f750678d89647290496e684c2ba2d02102335316575843b360","plenty_101_101_migrate_oauth_status":true,"plenty_101_101_modules":{"plenty_101_101_system_settings":{"currentHost":{"endpoint_urls":{"freshdesk":"https://identifyyou1100.freshdesk.com/"},"subscribed_modules":["support_ticket"],"org_domain":"https://p74712.my.plentysystems.com/","product_types":{"freshdesk":"DEFAULT"}}}}}
2026-07-29 18:29:38.015 +0530 [debug] (request.js) Obtained creds 
2026-07-29 18:29:38.017 +0530 [debug] (data.js) Read {"report_hash":"49f3a3c7356e01f750678d89647290496e684c2ba2d02102335316575843b360","plenty_101_101_migrate_oauth_status":true,"plenty_101_101_modules":{"plenty_101_101_system_settings":{"currentHost":{"endpoint_urls":{"freshdesk":"https://identifyyou1100.freshdesk.com/"},"subscribed_modules":["support_ticket"],"org_domain":"https://p74712.my.plentysystems.com/","product_types":{"freshdesk":"DEFAULT"}}}}}
2026-07-29 18:29:38.024 +0530 [debug] (request.js) error while validating schema or fetching files for validateCredentials: runtime validation failed.
2026-07-29 18:34:41.331 +0530 [debug] (data-pipe.js) received call for route "request" with action "execute" and body {"action":"execute","data":{"name":"validateCredentials","context":{"domain":""},"body":"{\"username\":\"\",\"password\":\"\"}","isInstall":true,"isOAuth":true},"isInstall":true}
2026-07-29 18:34:41.334 +0530 [debug] (data.js) Read {"report_hash":"49f3a3c7356e01f750678d89647290496e684c2ba2d02102335316575843b360","plenty_101_101_migrate_oauth_status":true,"plenty_101_101_modules":{"plenty_101_101_system_settings":{"currentHost":{"endpoint_urls":{"freshdesk":"https://identifyyou1100.freshdesk.com/"},"subscribed_modules":["support_ticket"],"org_domain":"https://p74712.my.plentysystems.com/","product_types":{"freshdesk":"DEFAULT"}}}}}
2026-07-29 18:34:41.337 +0530 [debug] (http.js) Failed to parse URL: https://<%= context.domain %>, error: Invalid URL
2026-07-29 18:34:41.337 +0530 [debug] (request.js) Checking request template for multi-oauth app
2026-07-29 18:34:41.340 +0530 [debug] (data.js) Read {"report_hash":"49f3a3c7356e01f750678d89647290496e684c2ba2d02102335316575843b360","plenty_101_101_migrate_oauth_status":true,"plenty_101_101_modules":{"plenty_101_101_system_settings":{"currentHost":{"endpoint_urls":{"freshdesk":"https://identifyyou1100.freshdesk.com/"},"subscribed_modules":["support_ticket"],"org_domain":"https://p74712.my.plentysystems.com/","product_types":{"freshdesk":"DEFAULT"}}}}}
2026-07-29 18:34:41.342 +0530 [debug] (data.js) Read {"report_hash":"49f3a3c7356e01f750678d89647290496e684c2ba2d02102335316575843b360","plenty_101_101_migrate_oauth_status":true,"plenty_101_101_modules":{"plenty_101_101_system_settings":{"currentHost":{"endpoint_urls":{"freshdesk":"https://identifyyou1100.freshdesk.com/"},"subscribed_modules":["support_ticket"],"org_domain":"https://p74712.my.plentysystems.com/","product_types":{"freshdesk":"DEFAULT"}}}}}
2026-07-29 18:34:41.344 +0530 [debug] (data.js) Read {"report_hash":"49f3a3c7356e01f750678d89647290496e684c2ba2d02102335316575843b360","plenty_101_101_migrate_oauth_status":true,"plenty_101_101_modules":{"plenty_101_101_system_settings":{"currentHost":{"endpoint_urls":{"freshdesk":"https://identifyyou1100.freshdesk.com/"},"subscribed_modules":["support_ticket"],"org_domain":"https://p74712.my.plentysystems.com/","product_types":{"freshdesk":"DEFAULT"}}}}}
2026-07-29 18:34:41.344 +0530 [debug] (request.js) Obtained creds 
2026-07-29 18:34:41.346 +0530 [debug] (data.js) Read {"report_hash":"49f3a3c7356e01f750678d89647290496e684c2ba2d02102335316575843b360","plenty_101_101_migrate_oauth_status":true,"plenty_101_101_modules":{"plenty_101_101_system_settings":{"currentHost":{"endpoint_urls":{"freshdesk":"https://identifyyou1100.freshdesk.com/"},"subscribed_modules":["support_ticket"],"org_domain":"https://p74712.my.plentysystems.com/","product_types":{"freshdesk":"DEFAULT"}}}}}
2026-07-29 18:34:41.348 +0530 [debug] (request.js) error while validating schema or fetching files for validateCredentials: runtime validation failed.
2026-07-29 18:54:23.184 +0530 [debug] (watcher.js) Broadcasted "{"file":"config\\iparams.html"}" to all listeners.
2026-07-30 09:44:01.380 +0530 [debug] (data-pipe.js) received call for route "request" with action "execute" and body {"action":"execute","data":{"name":"validateCredentials","context":{"domain":""},"body":"{\"username\":\"\",\"password\":\"\"}","isInstall":true,"isOAuth":true},"isInstall":true}
2026-07-30 09:44:01.409 +0530 [debug] (data.js) Read {"report_hash":"49f3a3c7356e01f750678d89647290496e684c2ba2d02102335316575843b360","plenty_101_101_migrate_oauth_status":true,"plenty_101_101_modules":{"plenty_101_101_system_settings":{"currentHost":{"endpoint_urls":{"freshdesk":"https://identifyyou1100.freshdesk.com/"},"subscribed_modules":["support_ticket"],"org_domain":"https://p74712.my.plentysystems.com/","product_types":{"freshdesk":"DEFAULT"}}}}}
2026-07-30 09:44:01.410 +0530 [debug] (http.js) Failed to parse URL: https://<%= context.domain %>, error: Invalid URL
2026-07-30 09:44:01.410 +0530 [debug] (request.js) Checking request template for multi-oauth app
2026-07-30 09:44:01.411 +0530 [debug] (data.js) Read {"report_hash":"49f3a3c7356e01f750678d89647290496e684c2ba2d02102335316575843b360","plenty_101_101_migrate_oauth_status":true,"plenty_101_101_modules":{"plenty_101_101_system_settings":{"currentHost":{"endpoint_urls":{"freshdesk":"https://identifyyou1100.freshdesk.com/"},"subscribed_modules":["support_ticket"],"org_domain":"https://p74712.my.plentysystems.com/","product_types":{"freshdesk":"DEFAULT"}}}}}
2026-07-30 09:44:01.412 +0530 [debug] (data.js) Read {"report_hash":"49f3a3c7356e01f750678d89647290496e684c2ba2d02102335316575843b360","plenty_101_101_migrate_oauth_status":true,"plenty_101_101_modules":{"plenty_101_101_system_settings":{"currentHost":{"endpoint_urls":{"freshdesk":"https://identifyyou1100.freshdesk.com/"},"subscribed_modules":["support_ticket"],"org_domain":"https://p74712.my.plentysystems.com/","product_types":{"freshdesk":"DEFAULT"}}}}}
2026-07-30 09:44:01.413 +0530 [debug] (data.js) Read {"report_hash":"49f3a3c7356e01f750678d89647290496e684c2ba2d02102335316575843b360","plenty_101_101_migrate_oauth_status":true,"plenty_101_101_modules":{"plenty_101_101_system_settings":{"currentHost":{"endpoint_urls":{"freshdesk":"https://identifyyou1100.freshdesk.com/"},"subscribed_modules":["support_ticket"],"org_domain":"https://p74712.my.plentysystems.com/","product_types":{"freshdesk":"DEFAULT"}}}}}
2026-07-30 09:44:01.413 +0530 [debug] (request.js) Obtained creds 
2026-07-30 09:44:01.414 +0530 [debug] (data.js) Read {"report_hash":"49f3a3c7356e01f750678d89647290496e684c2ba2d02102335316575843b360","plenty_101_101_migrate_oauth_status":true,"plenty_101_101_modules":{"plenty_101_101_system_settings":{"currentHost":{"endpoint_urls":{"freshdesk":"https://identifyyou1100.freshdesk.com/"},"subscribed_modules":["support_ticket"],"org_domain":"https://p74712.my.plentysystems.com/","product_types":{"freshdesk":"DEFAULT"}}}}}
2026-07-30 09:44:01.415 +0530 [debug] (request.js) error while validating schema or fetching files for validateCredentials: runtime validation failed.
2026-07-30 10:18:24.781 +0530 [debug] (watcher.js) Broadcasted "{"file":"config\\iparams.html"}" to all listeners.
2026-07-30 10:18:28.213 +0530 [debug] (watcher.js) Broadcasted "{"file":"config\\iparams.html"}" to all listeners.
2026-07-30 10:19:30.207 +0530 [debug] (configs.js) manifest featurers : db
2026-07-30 10:19:30.260 +0530 [debug] (http.js) Failed to parse URL: , error: Invalid URL
2026-07-30 10:19:30.384 +0530 [debug] (oauth.js) Fetching oauth configs of product : modules
2026-07-30 10:19:30.384 +0530 [debug] (iframe.js) Checking is authorized for all oauths 
2026-07-30 10:19:30.386 +0530 [debug] (data.js) Read {"report_hash":"49f3a3c7356e01f750678d89647290496e684c2ba2d02102335316575843b360","plenty_101_101_migrate_oauth_status":true,"plenty_101_101_modules":{"plenty_101_101_system_settings":{"currentHost":{"endpoint_urls":{"freshdesk":"https://identifyyou1100.freshdesk.com/"},"subscribed_modules":["support_ticket"],"org_domain":"https://p74712.my.plentysystems.com/","product_types":{"freshdesk":"DEFAULT"}}}}}
2026-07-30 10:19:30.389 +0530 [debug] (data.js) Read {"report_hash":"49f3a3c7356e01f750678d89647290496e684c2ba2d02102335316575843b360","plenty_101_101_migrate_oauth_status":true,"plenty_101_101_modules":{"plenty_101_101_system_settings":{"currentHost":{"endpoint_urls":{"freshdesk":"https://identifyyou1100.freshdesk.com/"},"subscribed_modules":["support_ticket"],"org_domain":"https://p74712.my.plentysystems.com/","product_types":{"freshdesk":"DEFAULT"}}}}}
2026-07-30 10:19:30.391 +0530 [debug] (data.js) Read {"report_hash":"49f3a3c7356e01f750678d89647290496e684c2ba2d02102335316575843b360","plenty_101_101_migrate_oauth_status":true,"plenty_101_101_modules":{"plenty_101_101_system_settings":{"currentHost":{"endpoint_urls":{"freshdesk":"https://identifyyou1100.freshdesk.com/"},"subscribed_modules":["support_ticket"],"org_domain":"https://p74712.my.plentysystems.com/","product_types":{"freshdesk":"DEFAULT"}}}}}
2026-07-30 10:19:30.391 +0530 [debug] (iframe.js) Responding to product with {"configs":{},"displayName":"plenty-markets","product":{"freshdesk":{"location":{"ticket_sidebar":{"url":"agent/template.html","icon":"agent/icon.svg"}},"requests":{"login":{},"validateCredentials":{},"getWorkitem":{},"getOrderNumberItems":{}}}},"modules":{"common":{"requests":{"login":{},"validateCredentials":{},"getWorkitem":{},"getOrderNumberItems":{}}},"support_ticket":{"location":{"ticket_sidebar":{"url":"template.html","icon":"icon.svg"}}}},"features":["db"],"actions":false,"omni":false,"products":["freshdesk"],"platform":"3.0","isInstall":true,"oauth_configs_list":[],"subscribed_modules":["support_ticket"],"endpoint_urls":{"freshdesk":"https://identifyyou1100.freshdesk.com/"},"product_types":{"freshdesk":"DEFAULT"},"currentHost":{"endpoint_urls":{"freshdesk":"https://identifyyou1100.freshdesk.com/"},"subscribed_modules":["support_ticket"],"product_types":{"freshdesk":"DEFAULT"}},"isAuthorized":true,"v2":[]}
2026-07-30 10:19:30.393 +0530 [debug] (data.js) Read {"report_hash":"49f3a3c7356e01f750678d89647290496e684c2ba2d02102335316575843b360","plenty_101_101_migrate_oauth_status":true,"plenty_101_101_modules":{"plenty_101_101_system_settings":{"currentHost":{"endpoint_urls":{"freshdesk":"https://identifyyou1100.freshdesk.com/"},"subscribed_modules":["support_ticket"],"org_domain":"https://p74712.my.plentysystems.com/","product_types":{"freshdesk":"DEFAULT"}}}}}
2026-07-30 10:19:30.404 +0530 [debug] (data.js) Read {"report_hash":"49f3a3c7356e01f750678d89647290496e684c2ba2d02102335316575843b360","plenty_101_101_migrate_oauth_status":true,"plenty_101_101_modules":{"plenty_101_101_system_settings":{"currentHost":{"endpoint_urls":{"freshdesk":"https://identifyyou1100.freshdesk.com/"},"subscribed_modules":["support_ticket"],"org_domain":"https://p74712.my.plentysystems.com/","product_types":{"freshdesk":"DEFAULT"}}}}}
2026-07-30 10:20:09.614 +0530 [debug] (data-pipe.js) received call for route "request" with action "execute" and body {"action":"execute","data":{"name":"validateCredentials","context":{"domain":""},"body":"{\"username\":\"\",\"password\":\"\"}","isInstall":true,"isOAuth":true},"isInstall":true}
2026-07-30 10:20:09.615 +0530 [debug] (data.js) Read {"report_hash":"49f3a3c7356e01f750678d89647290496e684c2ba2d02102335316575843b360","plenty_101_101_migrate_oauth_status":true,"plenty_101_101_modules":{"plenty_101_101_system_settings":{"currentHost":{"endpoint_urls":{"freshdesk":"https://identifyyou1100.freshdesk.com/"},"subscribed_modules":["support_ticket"],"org_domain":"https://p74712.my.plentysystems.com/","product_types":{"freshdesk":"DEFAULT"}}}}}
2026-07-30 10:20:09.616 +0530 [debug] (http.js) Failed to parse URL: https://<%= context.domain %>, error: Invalid URL
2026-07-30 10:20:09.617 +0530 [debug] (request.js) Checking request template for multi-oauth app
2026-07-30 10:20:09.618 +0530 [debug] (data.js) Read {"report_hash":"49f3a3c7356e01f750678d89647290496e684c2ba2d02102335316575843b360","plenty_101_101_migrate_oauth_status":true,"plenty_101_101_modules":{"plenty_101_101_system_settings":{"currentHost":{"endpoint_urls":{"freshdesk":"https://identifyyou1100.freshdesk.com/"},"subscribed_modules":["support_ticket"],"org_domain":"https://p74712.my.plentysystems.com/","product_types":{"freshdesk":"DEFAULT"}}}}}
2026-07-30 10:20:09.620 +0530 [debug] (data.js) Read {"report_hash":"49f3a3c7356e01f750678d89647290496e684c2ba2d02102335316575843b360","plenty_101_101_migrate_oauth_status":true,"plenty_101_101_modules":{"plenty_101_101_system_settings":{"currentHost":{"endpoint_urls":{"freshdesk":"https://identifyyou1100.freshdesk.com/"},"subscribed_modules":["support_ticket"],"org_domain":"https://p74712.my.plentysystems.com/","product_types":{"freshdesk":"DEFAULT"}}}}}
2026-07-30 10:20:09.621 +0530 [debug] (data.js) Read {"report_hash":"49f3a3c7356e01f750678d89647290496e684c2ba2d02102335316575843b360","plenty_101_101_migrate_oauth_status":true,"plenty_101_101_modules":{"plenty_101_101_system_settings":{"currentHost":{"endpoint_urls":{"freshdesk":"https://identifyyou1100.freshdesk.com/"},"subscribed_modules":["support_ticket"],"org_domain":"https://p74712.my.plentysystems.com/","product_types":{"freshdesk":"DEFAULT"}}}}}
2026-07-30 10:20:09.621 +0530 [debug] (request.js) Obtained creds 
2026-07-30 10:20:09.622 +0530 [debug] (data.js) Read {"report_hash":"49f3a3c7356e01f750678d89647290496e684c2ba2d02102335316575843b360","plenty_101_101_migrate_oauth_status":true,"plenty_101_101_modules":{"plenty_101_101_system_settings":{"currentHost":{"endpoint_urls":{"freshdesk":"https://identifyyou1100.freshdesk.com/"},"subscribed_modules":["support_ticket"],"org_domain":"https://p74712.my.plentysystems.com/","product_types":{"freshdesk":"DEFAULT"}}}}}
2026-07-30 10:20:09.624 +0530 [debug] (request.js) error while validating schema or fetching files for validateCredentials: runtime validation failed.
2026-07-30 10:20:16.858 +0530 [debug] (data-pipe.js) received call for route "request" with action "execute" and body {"action":"execute","data":{"name":"validateCredentials","context":{"domain":""},"body":"{\"username\":\"\",\"password\":\"\"}","isInstall":true,"isOAuth":true},"isInstall":true}
2026-07-30 10:20:16.859 +0530 [debug] (data.js) Read {"report_hash":"49f3a3c7356e01f750678d89647290496e684c2ba2d02102335316575843b360","plenty_101_101_migrate_oauth_status":true,"plenty_101_101_modules":{"plenty_101_101_system_settings":{"currentHost":{"endpoint_urls":{"freshdesk":"https://identifyyou1100.freshdesk.com/"},"subscribed_modules":["support_ticket"],"org_domain":"https://p74712.my.plentysystems.com/","product_types":{"freshdesk":"DEFAULT"}}}}}
2026-07-30 10:20:16.859 +0530 [debug] (http.js) Failed to parse URL: https://<%= context.domain %>, error: Invalid URL
2026-07-30 10:20:16.859 +0530 [debug] (request.js) Checking request template for multi-oauth app
2026-07-30 10:20:16.860 +0530 [debug] (data.js) Read {"report_hash":"49f3a3c7356e01f750678d89647290496e684c2ba2d02102335316575843b360","plenty_101_101_migrate_oauth_status":true,"plenty_101_101_modules":{"plenty_101_101_system_settings":{"currentHost":{"endpoint_urls":{"freshdesk":"https://identifyyou1100.freshdesk.com/"},"subscribed_modules":["support_ticket"],"org_domain":"https://p74712.my.plentysystems.com/","product_types":{"freshdesk":"DEFAULT"}}}}}
2026-07-30 10:20:16.860 +0530 [debug] (data.js) Read {"report_hash":"49f3a3c7356e01f750678d89647290496e684c2ba2d02102335316575843b360","plenty_101_101_migrate_oauth_status":true,"plenty_101_101_modules":{"plenty_101_101_system_settings":{"currentHost":{"endpoint_urls":{"freshdesk":"https://identifyyou1100.freshdesk.com/"},"subscribed_modules":["support_ticket"],"org_domain":"https://p74712.my.plentysystems.com/","product_types":{"freshdesk":"DEFAULT"}}}}}
2026-07-30 10:20:16.860 +0530 [debug] (data.js) Read {"report_hash":"49f3a3c7356e01f750678d89647290496e684c2ba2d02102335316575843b360","plenty_101_101_migrate_oauth_status":true,"plenty_101_101_modules":{"plenty_101_101_system_settings":{"currentHost":{"endpoint_urls":{"freshdesk":"https://identifyyou1100.freshdesk.com/"},"subscribed_modules":["support_ticket"],"org_domain":"https://p74712.my.plentysystems.com/","product_types":{"freshdesk":"DEFAULT"}}}}}
2026-07-30 10:20:16.860 +0530 [debug] (request.js) Obtained creds 
2026-07-30 10:20:16.861 +0530 [debug] (data.js) Read {"report_hash":"49f3a3c7356e01f750678d89647290496e684c2ba2d02102335316575843b360","plenty_101_101_migrate_oauth_status":true,"plenty_101_101_modules":{"plenty_101_101_system_settings":{"currentHost":{"endpoint_urls":{"freshdesk":"https://identifyyou1100.freshdesk.com/"},"subscribed_modules":["support_ticket"],"org_domain":"https://p74712.my.plentysystems.com/","product_types":{"freshdesk":"DEFAULT"}}}}}
2026-07-30 10:20:16.861 +0530 [debug] (request.js) error while validating schema or fetching files for validateCredentials: runtime validation failed.
2026-07-30 10:20:20.290 +0530 [debug] (http.js) Failed to parse URL: , error: Invalid URL
2026-07-30 10:20:50.629 +0530 [debug] (report.js) Generating hash for report.json file
2026-07-30 10:21:57.969 +0530 [debug] (configs.js) loaded default configs as "{"updates":{"manifest_url":"https://cdn.freshdev.io/assets/fdk/updates.json","changelog_url":"https://cdn.freshdev.io/assets/fdk/change-log.json","period":24},"log":{"level":"info"},"javascript":{"ecma_version":2020},"request":{"timeout":15000,"maxFilesPerRequest":5},"global_apps":{"enabled":true},"easel":{"enabled":false},"job":{"timeout":120000},"av_scan":{"status":"SAFE"}}"
2026-07-30 10:21:57.974 +0530 [debug] (configs.js) loaded global configs as "{"global_apps":{"enabled":"true"},"request":{"timeout":15000},"job":{"timeout":120000}}"
2026-07-30 10:21:57.975 +0530 [debug] (configs.js) loaded local configs as "{"request":{"timeout":15000},"job":{"timeout":120000},"global_apps":{"enabled":"true"}}"
2026-07-30 10:21:57.975 +0530 [debug] (configs.js) loaded env configs as "{"updates":{},"log":{},"javascript":{},"request":{"timeout":15000,"maxFilesPerRequest":5},"job":{"timeout":120000},"av_scan":{"status":"SAFE"}}"
2026-07-30 10:21:57.975 +0530 [debug] (configs.js) loaded resolved configs as "{"updates":{"manifest_url":"https://cdn.freshdev.io/assets/fdk/updates.json","changelog_url":"https://cdn.freshdev.io/assets/fdk/change-log.json","period":24},"log":{"level":"info"},"javascript":{"ecma_version":2020},"request":{"timeout":15000,"maxFilesPerRequest":5},"global_apps":{"enabled":"true"},"easel":{"enabled":false},"job":{"timeout":120000},"av_scan":{"status":"SAFE"}}"
2026-07-30 10:21:57.975 +0530 [debug] (logger.js) Starting FDK in node v24.11.0 on win32
2026-07-30 10:21:57.975 +0530 [debug] (sequelize.js) setting up sqilite at "C:\plenty-markets/.fdk/store.sqlite"
2026-07-30 10:21:57.976 +0530 [debug] (data.js) Read {"version_details":{"cli":{"deprecated":{"version":"<9","message":"This FDK version has been deprecated. There will be no further feature updates to this version. For a seamless app-building experience, ensure to move to the latest FDK version. For more information, see https://developers.freshworks.com/docs/app-sdk/v2.3/freshdesk/migration-guide/#migrate-to-the-latest-platform-version."},"forced":{"version":"7.0.0","command":"npm install https://dl.freshdev.io/cli/fdk-7.0.0.tgz -g","message":"Your FDK version has been forced updated to v7.0.0, please visit https://community.developers.freshworks.com/t/fdk-v7-0-announcing-node-js-v12-and-es6-support/3606 to know more"},"latest":{"version":"10.1.8","command":"npm install https://cdn.freshdev.io/fdk/latest-v24.tgz -g","message":"You are on the latest FDK version. For information on the features available as part of this FDK version, see https://developers.freshworks.com/docs/?tab=modules."}},"addon":{"version":"2.2.9","url":"https://cdn.freshdev.io/assets/fdk/addons/addon.zip"}},"last_updated":{"time_stamp":1785320337121}}
2026-07-30 10:21:57.976 +0530 [debug] (updater.js) last check less than 24 hours ago, not looking for updates
2026-07-30 10:21:58.006 +0530 [debug] (index.js) running with opts {}
2026-07-30 10:22:08.713 +0530 [debug] (data.js) Read {"version_details":{"cli":{"deprecated":{"version":"<9","message":"This FDK version has been deprecated. There will be no further feature updates to this version. For a seamless app-building experience, ensure to move to the latest FDK version. For more information, see https://developers.freshworks.com/docs/app-sdk/v2.3/freshdesk/migration-guide/#migrate-to-the-latest-platform-version."},"forced":{"version":"7.0.0","command":"npm install https://dl.freshdev.io/cli/fdk-7.0.0.tgz -g","message":"Your FDK version has been forced updated to v7.0.0, please visit https://community.developers.freshworks.com/t/fdk-v7-0-announcing-node-js-v12-and-es6-support/3606 to know more"},"latest":{"version":"10.1.8","command":"npm install https://cdn.freshdev.io/fdk/latest-v24.tgz -g","message":"You are on the latest FDK version. For information on the features available as part of this FDK version, see https://developers.freshworks.com/docs/?tab=modules."}},"addon":{"version":"2.2.9","url":"https://cdn.freshdev.io/assets/fdk/addons/addon.zip"}},"last_updated":{"time_stamp":1785320337121}}
2026-07-30 10:22:08.838 +0530 [debug] (manifest.js) Reloading manifest with {"platform-version":"3.0","modules":{"common":{"requests":{"login":{},"validateCredentials":{},"getWorkitem":{},"getOrderNumberItems":{}}},"support_ticket":{"location":{"ticket_sidebar":{"url":"template.html","icon":"icon.svg"}}}},"engines":{"node":"24.11.0","fdk":"10.1.8"},"scripts":{"fdk-unit-test":"vitest run --coverage"}}.
2026-07-30 10:22:08.839 +0530 [debug] (manifest.js) Inferred db as features.
2026-07-30 10:22:12.561 +0530 [debug] (data.js) Read {"version_details":{"cli":{"deprecated":{"version":"<9","message":"This FDK version has been deprecated. There will be no further feature updates to this version. For a seamless app-building experience, ensure to move to the latest FDK version. For more information, see https://developers.freshworks.com/docs/app-sdk/v2.3/freshdesk/migration-guide/#migrate-to-the-latest-platform-version."},"forced":{"version":"7.0.0","command":"npm install https://dl.freshdev.io/cli/fdk-7.0.0.tgz -g","message":"Your FDK version has been forced updated to v7.0.0, please visit https://community.developers.freshworks.com/t/fdk-v7-0-announcing-node-js-v12-and-es6-support/3606 to know more"},"latest":{"version":"10.1.8","command":"npm install https://cdn.freshdev.io/fdk/latest-v24.tgz -g","message":"You are on the latest FDK version. For information on the features available as part of this FDK version, see https://developers.freshworks.com/docs/?tab=modules."}},"addon":{"version":"2.2.9","url":"https://cdn.freshdev.io/assets/fdk/addons/addon.zip"}},"last_updated":{"time_stamp":1785320337121}}
2026-07-30 10:22:28.327 +0530 [debug] (coverage.js) INIT: About to merge initial coverage data with 0 files
2026-07-30 10:22:28.327 +0530 [debug] (coverage.js) INIT: After merge - Files in map: 0
2026-07-30 10:22:31.846 +0530 [debug] (index.js) Initializing AJV schemas from individual files
2026-07-30 10:22:31.846 +0530 [debug] (index.js) Compiling schemas...
2026-07-30 10:22:31.855 +0530 [debug] (index.js) All schemas compiled successfully
2026-07-30 10:22:35.312 +0530 [debug] (index.js) loading model at "C:\Users\user\AppData\Roaming\nvm\v24.11.0\node_modules\@freshworks\fdk\lib\models\bigint-pivot.js"
2026-07-30 10:22:35.342 +0530 [debug] (index.js) loading model at "C:\Users\user\AppData\Roaming\nvm\v24.11.0\node_modules\@freshworks\fdk\lib\models\entity-field-choice.js"
2026-07-30 10:22:35.354 +0530 [debug] (index.js) loading model at "C:\Users\user\AppData\Roaming\nvm\v24.11.0\node_modules\@freshworks\fdk\lib\models\entity-field.js"
2026-07-30 10:22:35.367 +0530 [debug] (index.js) loading model at "C:\Users\user\AppData\Roaming\nvm\v24.11.0\node_modules\@freshworks\fdk\lib\models\entity.js"
2026-07-30 10:22:35.379 +0530 [debug] (index.js) loading model at "C:\Users\user\AppData\Roaming\nvm\v24.11.0\node_modules\@freshworks\fdk\lib\models\files.js"
2026-07-30 10:22:35.392 +0530 [debug] (index.js) loading model at "C:\Users\user\AppData\Roaming\nvm\v24.11.0\node_modules\@freshworks\fdk\lib\models\oauth-details.js"
2026-07-30 10:22:35.404 +0530 [debug] (index.js) loading model at "C:\Users\user\AppData\Roaming\nvm\v24.11.0\node_modules\@freshworks\fdk\lib\models\record.js"
2026-07-30 10:22:35.446 +0530 [debug] (index.js) loading model at "C:\Users\user\AppData\Roaming\nvm\v24.11.0\node_modules\@freshworks\fdk\lib\models\string-pivot.js"
2026-07-30 10:22:39.090 +0530 [debug] (index.js) 'schema: ' [object Object]
2026-07-30 10:22:39.101 +0530 [debug] (index.js) 'schema: ' [object Object]
2026-07-30 10:22:39.104 +0530 [debug] (index.js) 'schema: ' [object Object]
2026-07-30 10:22:39.104 +0530 [debug] (index.js) 'schema: ' [object Object]
2026-07-30 10:22:39.106 +0530 [debug] (index.js) 'schema: ' [object Object]
2026-07-30 10:22:39.107 +0530 [debug] (index.js) 'schema: ' [object Object]
2026-07-30 10:22:39.107 +0530 [debug] (index.js) 'schema: ' [object Object]
2026-07-30 10:22:39.115 +0530 [debug] (index.js) 'schema: ' [object Object]
2026-07-30 10:22:39.116 +0530 [debug] (index.js) 'schema: ' [object Object]
2026-07-30 10:22:39.116 +0530 [debug] (index.js) 'schema: ' [object Object]
2026-07-30 10:22:39.120 +0530 [debug] (index.js) 'schema: ' [object Object]
2026-07-30 10:22:39.121 +0530 [debug] (index.js) 'schema: ' [object Object]
2026-07-30 10:22:39.124 +0530 [debug] (index.js) 'schema: ' [object Object]
2026-07-30 10:22:39.124 +0530 [debug] (index.js) 'schema: ' [object Object]
2026-07-30 10:22:39.124 +0530 [debug] (index.js) 'schema: ' [object Object]
2026-07-30 10:22:39.126 +0530 [debug] (index.js) 'schema: ' [object Object]
2026-07-30 10:22:39.127 +0530 [debug] (index.js) 'schema: ' [object Object]
2026-07-30 10:22:39.136 +0530 [debug] (index.js) 'schema: ' [object Object]
2026-07-30 10:22:55.519 +0530 [debug] (data.js) Read {"version_details":{"cli":{"deprecated":{"version":"<9","message":"This FDK version has been deprecated. There will be no further feature updates to this version. For a seamless app-building experience, ensure to move to the latest FDK version. For more information, see https://developers.freshworks.com/docs/app-sdk/v2.3/freshdesk/migration-guide/#migrate-to-the-latest-platform-version."},"forced":{"version":"7.0.0","command":"npm install https://dl.freshdev.io/cli/fdk-7.0.0.tgz -g","message":"Your FDK version has been forced updated to v7.0.0, please visit https://community.developers.freshworks.com/t/fdk-v7-0-announcing-node-js-v12-and-es6-support/3606 to know more"},"latest":{"version":"10.1.8","command":"npm install https://cdn.freshdev.io/fdk/latest-v24.tgz -g","message":"You are on the latest FDK version. For information on the features available as part of this FDK version, see https://developers.freshworks.com/docs/?tab=modules."}},"addon":{"version":"2.2.9","url":"https://cdn.freshdev.io/assets/fdk/addons/addon.zip"}},"last_updated":{"time_stamp":1785320337121}}
2026-07-30 10:23:59.584 +0530 [debug] (validate.js) asked to skip the following validations, 
2026-07-30 10:23:59.584 +0530 [debug] (validate.js) running validator actions
2026-07-30 10:23:59.584 +0530 [debug] (validate.js) running validator requests
2026-07-30 10:23:59.584 +0530 [debug] (requests.js) validating request template for "login"
2026-07-30 10:23:59.584 +0530 [debug] (validate.js) running validator app-dir
2026-07-30 10:23:59.585 +0530 [debug] (validate.js) running validator config-dir
2026-07-30 10:23:59.585 +0530 [debug] (config-dir.js) Checking to see if C:\plenty-markets/config/ exists.
2026-07-30 10:23:59.585 +0530 [debug] (config-dir.js) Fetched the following config files iparams.html,requests.json
2026-07-30 10:23:59.585 +0530 [debug] (validate.js) running validator custom-objects
2026-07-30 10:23:59.585 +0530 [debug] (validate.js) running validator event
2026-07-30 10:23:59.585 +0530 [debug] (validate.js) running validator iparam
2026-07-30 10:23:59.606 +0530 [debug] (validate.js) running validator lint
2026-07-30 10:23:59.606 +0530 [debug] (lint.js) passed fix flag: undefined
2026-07-30 10:23:59.647 +0530 [debug] (lint.js) Running the following lints on the file app\app.js : no-eval,no-alert,no-debugger,no-unreachable,no-duplicate-imports,constructor-super,for-direction,no-class-assign,no-new-native-nonconstructor,valid-typeof,no-eq-null,no-var,require-await,no-unreachable-loop,no-redeclare,no-self-assign,no-setter-return,no-shadow-restricted-names,no-this-before-super,no-unsafe-finally,no-unsafe-optional-chaining,no-unused-vars,no-useless-catch,eqeqeq,prefer-const,require-yield,no-global-assign,no-caller,no-process-env,complexity,max-nested-callbacks,handle-callback-err,getter-return,no-async-promise-executor,no-case-declarations,no-compare-neg-zero,no-cond-assign,no-const-assign,no-constant-condition,no-control-regex,no-delete-var,no-dupe-args,no-dupe-class-members,no-dupe-else-if,no-dupe-keys,no-duplicate-case,no-empty,no-empty-character-class,no-empty-pattern,no-ex-assign,no-extra-boolean-cast,no-extra-semi,no-fallthrough,no-func-assign,no-import-assign,no-inner-declarations,no-invalid-regexp,no-irregular-whitespace,no-loss-of-precision,no-misleading-character-class,no-mixed-spaces-and-tabs,no-nonoctal-decimal-escape,no-obj-calls,no-octal,no-prototype-builtins,no-regex-spaces,no-sparse-arrays,no-unexpected-multiline,no-unsafe-negation,no-unused-labels,no-useless-backreference,no-useless-escape,no-with,use-isnan,no-unpkg-cdn,no-proxy-requests,no-unhandled-promise,no-logging-rejections,no-non-client-request-model,no-deprecated-apis,no-cross-scope-assign,no-empty-function
2026-07-30 10:24:03.162 +0530 [debug] (lint.js) Running the following lints on the file app\js\index.js : no-eval,no-alert,no-debugger,no-unreachable,no-duplicate-imports,constructor-super,for-direction,no-class-assign,no-new-native-nonconstructor,valid-typeof,no-eq-null,no-var,require-await,no-unreachable-loop,no-redeclare,no-self-assign,no-setter-return,no-shadow-restricted-names,no-this-before-super,no-unsafe-finally,no-unsafe-optional-chaining,no-unused-vars,no-useless-catch,eqeqeq,prefer-const,require-yield,no-global-assign,no-caller,no-process-env,complexity,max-nested-callbacks,handle-callback-err,getter-return,no-async-promise-executor,no-case-declarations,no-compare-neg-zero,no-cond-assign,no-const-assign,no-constant-condition,no-control-regex,no-delete-var,no-dupe-args,no-dupe-class-members,no-dupe-else-if,no-dupe-keys,no-duplicate-case,no-empty,no-empty-character-class,no-empty-pattern,no-ex-assign,no-extra-boolean-cast,no-extra-semi,no-fallthrough,no-func-assign,no-import-assign,no-inner-declarations,no-invalid-regexp,no-irregular-whitespace,no-loss-of-precision,no-misleading-character-class,no-mixed-spaces-and-tabs,no-nonoctal-decimal-escape,no-obj-calls,no-octal,no-prototype-builtins,no-regex-spaces,no-sparse-arrays,no-unexpected-multiline,no-unsafe-negation,no-unused-labels,no-useless-backreference,no-useless-escape,no-with,use-isnan,no-unpkg-cdn,no-proxy-requests,no-unhandled-promise,no-logging-rejections,no-non-client-request-model,no-deprecated-apis,no-cross-scope-assign,no-empty-function
2026-07-30 10:24:03.232 +0530 [debug] (validate.js) running validator manifest
2026-07-30 10:24:03.232 +0530 [debug] (validate.js) skipping validator manifest-dependency
2026-07-30 10:24:03.233 +0530 [debug] (validate.js) running validator manifest-scripts
2026-07-30 10:24:03.233 +0530 [debug] (validate.js) running validator oauth
2026-07-30 10:24:03.233 +0530 [debug] (validate.js) skipping validator pkgsize
2026-07-30 10:24:03.233 +0530 [debug] (validate.js) running validator schema
2026-07-30 10:24:03.233 +0530 [debug] (validate.js) running validator version-check
2026-07-30 10:24:03.233 +0530 [debug] (validate.js) running validator app-settings
2026-07-30 10:24:03.234 +0530 [debug] (http.js) Failed to parse URL: https://<%= iparam.SWdomain %>, error: Invalid URL
2026-07-30 10:24:03.235 +0530 [debug] (requests.js) validating request template for "validateCredentials"
2026-07-30 10:24:03.237 +0530 [debug] (http.js) Failed to parse URL: https://<%= context.domain %>, error: Invalid URL
2026-07-30 10:24:03.237 +0530 [debug] (requests.js) validating request template for "getWorkitem"
2026-07-30 10:24:03.237 +0530 [debug] (http.js) Failed to parse URL: https://<%= iparam.SWdomain %>, error: Invalid URL
2026-07-30 10:24:03.237 +0530 [debug] (http.js) Failed to parse URL: https://<%= iparam.SWdomain %>, error: Invalid URL
2026-07-30 10:24:03.237 +0530 [debug] (request.js) Checking request template for multi-oauth app
2026-07-30 10:24:03.237 +0530 [debug] (requests.js) validating request template for "getOrderNumberItems"
2026-07-30 10:24:03.237 +0530 [debug] (http.js) Failed to parse URL: https://<%= iparam.SWdomain %>, error: Invalid URL
2026-07-30 10:24:03.237 +0530 [debug] (http.js) Failed to parse URL: https://<%= context.domain %>, error: Invalid URL
2026-07-30 10:24:03.237 +0530 [debug] (request.js) Checking request template for multi-oauth app
2026-07-30 10:24:03.237 +0530 [debug] (http.js) Failed to parse URL: https://<%= iparam.SWdomain %>, error: Invalid URL
2026-07-30 10:24:03.237 +0530 [debug] (request.js) Checking request template for multi-oauth app
2026-07-30 10:24:03.237 +0530 [debug] (http.js) Failed to parse URL: https://<%= iparam.SWdomain %>, error: Invalid URL
2026-07-30 10:24:03.237 +0530 [debug] (request.js) Checking request template for multi-oauth app
2026-07-30 10:24:03.248 +0530 [warn] Please ensure that the following are addressed for quick review process:
2026-07-30 10:24:03.248 +0530 [warn] [33m⚠[39m app\app.js::1: 'mode' is never reassigned. Use 'const' instead.
2026-07-30 10:24:03.248 +0530 [warn] [33m⚠[39m app\app.js::65: 'auth' is never reassigned. Use 'const' instead.
2026-07-30 10:24:03.248 +0530 [warn] [33m⚠[39m app\app.js::66: 'authToken' declared and assigned in different scopes. Possible asynchronous race condition.
2026-07-30 10:24:03.248 +0530 [warn] [33m⚠[39m app\app.js::86: 'ctx' is never reassigned. Use 'const' instead.
2026-07-30 10:24:03.248 +0530 [warn] [33m⚠[39m app\app.js::90: 'status' is never reassigned. Use 'const' instead.
2026-07-30 10:24:03.248 +0530 [warn] [33m⚠[39m app\app.js::92: 'authToken' declared and assigned in different scopes. Possible asynchronous race condition.
2026-07-30 10:24:03.248 +0530 [warn] [33m⚠[39m app\app.js::94: 'retryCtx' is never reassigned. Use 'const' instead.
2026-07-30 10:24:03.249 +0530 [warn] [33m⚠[39m app\app.js::107: 'onInit' is never reassigned. Use 'const' instead.
2026-07-30 10:24:03.249 +0530 [warn] [33m⚠[39m app\app.js::127: 'target' is never reassigned. Use 'const' instead.
2026-07-30 10:24:03.249 +0530 [warn] [33m⚠[39m app\app.js::128: Expected '!==' and instead saw '!='.
2026-07-30 10:24:03.249 +0530 [warn] [33m⚠[39m app\app.js::146: 'order_p' is never reassigned. Use 'const' instead.
2026-07-30 10:24:03.249 +0530 [warn] [33m⚠[39m app\app.js::148: Expected '!==' and instead saw '!='.
2026-07-30 10:24:03.249 +0530 [warn] [33m⚠[39m app\app.js::154: 'item_p' is never reassigned. Use 'const' instead.
2026-07-30 10:24:03.249 +0530 [warn] [33m⚠[39m app\app.js::156: Expected '!==' and instead saw '!='.
2026-07-30 10:24:03.249 +0530 [warn] [33m⚠[39m app\app.js::176: 'store_div' is never reassigned. Use 'const' instead.
2026-07-30 10:24:03.249 +0530 [warn] [33m⚠[39m app\app.js::182: 'multiple_stores' is never reassigned. Use 'const' instead.
2026-07-30 10:24:03.250 +0530 [warn] [33m⚠[39m app\app.js::198: 'fetchData' is never reassigned. Use 'const' instead.
2026-07-30 10:24:03.250 +0530 [warn] [33m⚠[39m app\app.js::218: 'order' is never reassigned. Use 'const' instead.
2026-07-30 10:24:03.250 +0530 [warn] [33m⚠[39m app\app.js::219: Expected '===' and instead saw '=='.
2026-07-30 10:24:03.250 +0530 [warn] [33m⚠[39m app\app.js::244: 'orderNumber' declared and assigned in different scopes. Possible asynchronous race condition.
2026-07-30 10:24:03.250 +0530 [warn] [33m⚠[39m app\app.js::259: 'resp' is never reassigned. Use 'const' instead.
2026-07-30 10:24:03.250 +0530 [warn] [33m⚠[39m app\app.js::260: Expected '!==' and instead saw '!='.
2026-07-30 10:24:03.250 +0530 [warn] [33m⚠[39m app\app.js::286: 'orderNumber' declared and assigned in different scopes. Possible asynchronous race condition.
2026-07-30 10:24:03.250 +0530 [warn] [33m⚠[39m app\app.js::300: Expected '===' and instead saw '=='.
2026-07-30 10:24:03.250 +0530 [warn] [33m⚠[39m app\app.js::311: 'resp' is never reassigned. Use 'const' instead.
2026-07-30 10:24:03.250 +0530 [warn] [33m⚠[39m app\app.js::314: Expected '!==' and instead saw '!='.
2026-07-30 10:24:03.250 +0530 [warn] [33m⚠[39m app\app.js::358: Expected '===' and instead saw '=='.
2026-07-30 10:24:03.250 +0530 [warn] [33m⚠[39m app\app.js::386: 'order_l_div' is never reassigned. Use 'const' instead.
2026-07-30 10:24:03.250 +0530 [warn] [33m⚠[39m app\app.js::392: 'create_o' is never reassigned. Use 'const' instead.
2026-07-30 10:24:03.250 +0530 [warn] [33m⚠[39m app\app.js::400: Expected '===' and instead saw '=='.
2026-07-30 10:24:03.250 +0530 [warn] [33m⚠[39m app\app.js::412: Expected '!==' and instead saw '!='.
2026-07-30 10:24:03.250 +0530 [warn] [33m⚠[39m app\app.js::427: 'item_card' is never reassigned. Use 'const' instead.
2026-07-30 10:24:03.251 +0530 [warn] [33m⚠[39m app\app.js::438: 'stock_orders_id' is never reassigned. Use 'const' instead.
2026-07-30 10:24:03.251 +0530 [warn] [33m⚠[39m app\app.js::467: 'sw_store' is never reassigned. Use 'const' instead.
2026-07-30 10:24:03.251 +0530 [warn] [33m⚠[39m app\app.js::487: 'more_order_det' is never reassigned. Use 'const' instead.
2026-07-30 10:24:03.251 +0530 [warn] [33m⚠[39m app\app.js::489: 'attr_element' is never reassigned. Use 'const' instead.
2026-07-30 10:24:03.251 +0530 [warn] [33m⚠[39m app\app.js::491: 'order_prop' is never reassigned. Use 'const' instead.
2026-07-30 10:24:03.251 +0530 [warn] [33m⚠[39m app\app.js::493: Expected '!==' and instead saw '!='.
2026-07-30 10:24:03.251 +0530 [warn] [33m⚠[39m app\app.js::501: 'parentdiv' is never reassigned. Use 'const' instead.
2026-07-30 10:24:03.251 +0530 [warn] [33m⚠[39m app\app.js::510: Expected '===' and instead saw '=='.
2026-07-30 10:24:03.251 +0530 [warn] [33m⚠[39m app\app.js::514: Expected '===' and instead saw '=='.
2026-07-30 10:24:03.251 +0530 [warn] [33m⚠[39m app\app.js::522: 'itemattr' is never reassigned. Use 'const' instead.
2026-07-30 10:24:03.251 +0530 [warn] [33m⚠[39m app\app.js::532: Function 'bindItemAttrValue' has a complexity of 13. Maximum allowed is 7.
2026-07-30 10:24:03.251 +0530 [warn] [33m⚠[39m app\app.js::534: 'data2' is never reassigned. Use 'const' instead.
2026-07-30 10:24:03.252 +0530 [warn] [33m⚠[39m app\app.js::535: 'shipp' is never reassigned. Use 'const' instead.
2026-07-30 10:24:03.252 +0530 [warn] [33m⚠[39m app\app.js::536: 'parentdiv' is never reassigned. Use 'const' instead.
2026-07-30 10:24:03.252 +0530 [warn] [33m⚠[39m app\app.js::556: Expected '===' and instead saw '=='.
2026-07-30 10:24:03.252 +0530 [warn] [33m⚠[39m app\app.js::559: Expected '===' and instead saw '=='.
2026-07-30 10:24:03.252 +0530 [warn] [33m⚠[39m app\app.js::568: Expected '===' and instead saw '=='.
2026-07-30 10:24:03.252 +0530 [warn] [33m⚠[39m app\app.js::571: Expected '===' and instead saw '=='.
2026-07-30 10:24:03.252 +0530 [warn] [33m⚠[39m app\app.js::588: 'item_card' is never reassigned. Use 'const' instead.
2026-07-30 10:24:03.252 +0530 [warn] [33m⚠[39m app\app.js::593: 'itemCardElement' is never reassigned. Use 'const' instead.
2026-07-30 10:24:03.252 +0530 [warn] [33m⚠[39m app\app.js::594: 'items' is never reassigned. Use 'const' instead.
2026-07-30 10:24:03.252 +0530 [warn] [33m⚠[39m app\app.js::595: 'removeItems' is never reassigned. Use 'const' instead.
2026-07-30 10:24:03.252 +0530 [warn] [33m⚠[39m app\app.js::604: 'spinner' is never reassigned. Use 'const' instead.
2026-07-30 10:24:03.252 +0530 [warn] [33m⚠[39m app\app.js::653: Function 'elementCreate' has a complexity of 10. Maximum allowed is 7.
2026-07-30 10:24:03.252 +0530 [warn] [33m⚠[39m app\app.js::654: 'el_obj' is never reassigned. Use 'const' instead.
2026-07-30 10:24:03.252 +0530 [warn] [33m⚠[39m app\app.js::673: 'table' is never reassigned. Use 'const' instead.
2026-07-30 10:24:03.252 +0530 [warn] [33m⚠[39m app\app.js::673: 'parentdiv' is never reassigned. Use 'const' instead.
2026-07-30 10:24:03.252 +0530 [warn] [33m⚠[39m app\app.js::684: 'table11' is never reassigned. Use 'const' instead.
2026-07-30 10:24:03.252 +0530 [warn] [33m⚠[39m app\app.js::686: 'tr11' is never reassigned. Use 'const' instead.
2026-07-30 10:24:03.252 +0530 [warn] [33m⚠[39m app\app.js::688: 'td12' is never reassigned. Use 'const' instead.
2026-07-30 10:24:03.252 +0530 [warn] [33m⚠[39m app\app.js::689: 'table1' is never reassigned. Use 'const' instead.
2026-07-30 10:24:03.252 +0530 [warn] [33m⚠[39m app\app.js::690: 'tr1' is never reassigned. Use 'const' instead.
2026-07-30 10:24:03.253 +0530 [warn] [33m⚠[39m app\app.js::691: 'td1' is never reassigned. Use 'const' instead.
2026-07-30 10:24:03.253 +0530 [warn] [33m⚠[39m app\app.js::694: 'tr2' is never reassigned. Use 'const' instead.
2026-07-30 10:24:03.253 +0530 [warn] [33m⚠[39m app\app.js::695: 'td2' is never reassigned. Use 'const' instead.
2026-07-30 10:24:03.253 +0530 [warn] [33m⚠[39m app\app.js::698: 'tr44' is never reassigned. Use 'const' instead.
2026-07-30 10:24:03.253 +0530 [warn] [33m⚠[39m app\app.js::699: 'td44' is never reassigned. Use 'const' instead.
2026-07-30 10:24:03.253 +0530 [warn] [33m⚠[39m app\app.js::723: 'item_card_attr' is never reassigned. Use 'const' instead.
2026-07-30 10:24:03.253 +0530 [warn] [33m⚠[39m app\app.js::750: Function has a complexity of 9. Maximum allowed is 7.
2026-07-30 10:24:03.253 +0530 [warn] [33m⚠[39m app\app.js::772: 'payment' is never reassigned. Use 'const' instead.
2026-07-30 10:24:03.253 +0530 [warn] [33m⚠[39m app\app.js::773: Expected '!==' and instead saw '!='.
2026-07-30 10:24:03.253 +0530 [warn] [33m⚠[39m app\app.js::774: 'paymentStatus' is never reassigned. Use 'const' instead.
2026-07-30 10:24:03.253 +0530 [warn] [33m⚠[39m app\app.js::804: Expected '===' and instead saw '=='.
2026-07-30 10:24:03.253 +0530 [warn] [33m⚠[39m app\app.js::804: Expected '===' and instead saw '=='.
2026-07-30 10:24:03.253 +0530 [warn] [33m⚠[39m app\app.js::813: Expected '===' and instead saw '=='.
2026-07-30 10:24:03.253 +0530 [warn] [33m⚠[39m app\app.js::813: Expected '===' and instead saw '=='.
2026-07-30 10:24:03.253 +0530 [warn] [33m⚠[39m app\app.js::818: 'span1' is never reassigned. Use 'const' instead.
2026-07-30 10:24:03.253 +0530 [warn] [33m⚠[39m app\app.js::829: Expected '===' and instead saw '=='.
2026-07-30 10:24:03.253 +0530 [warn] [33m⚠[39m app\app.js::829: Expected '===' and instead saw '=='.
2026-07-30 10:24:03.253 +0530 [warn] [33m⚠[39m app\app.js::834: 'span1' is never reassigned. Use 'const' instead.
2026-07-30 10:24:03.253 +0530 [warn] [33m⚠[39m app\app.js::849: 'span1' is never reassigned. Use 'const' instead.
2026-07-30 10:24:03.253 +0530 [warn] [33m⚠[39m app\app.js::866: Function 'itemCardAttr' has a complexity of 9. Maximum allowed is 7.
2026-07-30 10:24:03.253 +0530 [warn] [33m⚠[39m app\app.js::868: 'data4' is never reassigned. Use 'const' instead.
2026-07-30 10:24:03.253 +0530 [warn] [33m⚠[39m app\app.js::869: 'data5' is never reassigned. Use 'const' instead.
2026-07-30 10:24:03.253 +0530 [warn] [33m⚠[39m app\app.js::871: 'parentdiv' is never reassigned. Use 'const' instead.
2026-07-30 10:24:03.253 +0530 [warn] [33m⚠[39m app\app.js::873: 'item_prop' is never reassigned. Use 'const' instead.
2026-07-30 10:24:03.253 +0530 [warn] [33m⚠[39m app\app.js::875: 'table' is never reassigned. Use 'const' instead.
2026-07-30 10:24:03.254 +0530 [warn] [33m⚠[39m app\app.js::882: 'val_attr' is never reassigned. Use 'const' instead.
2026-07-30 10:24:03.254 +0530 [warn] [33m⚠[39m app\app.js::883: 'ship_meth' is never reassigned. Use 'const' instead.
2026-07-30 10:24:03.254 +0530 [warn] [33m⚠[39m app\app.js::884: 'pay_attr' is never reassigned. Use 'const' instead.
2026-07-30 10:24:03.254 +0530 [warn] [33m⚠[39m app\app.js::894: Expected '===' and instead saw '=='.
2026-07-30 10:24:03.254 +0530 [warn] [33m⚠[39m app\app.js::898: Expected '===' and instead saw '=='.
2026-07-30 10:24:03.254 +0530 [warn] [33m⚠[39m app\app.js::902: Expected '===' and instead saw '=='.
2026-07-30 10:24:03.254 +0530 [warn] [33m⚠[39m app\app.js::924: 'stock_orders_id' is never reassigned. Use 'const' instead.
2026-07-30 10:24:03.254 +0530 [warn] [33m⚠[39m app\app.js::925: 'table' is never reassigned. Use 'const' instead.
2026-07-30 10:24:03.255 +0530 [warn] [33m⚠[39m app\app.js::932: 'tr' is never reassigned. Use 'const' instead.
2026-07-30 10:24:03.255 +0530 [warn] [33m⚠[39m app\app.js::932: 'td' is never reassigned. Use 'const' instead.
2026-07-30 10:24:03.255 +0530 [warn] [33m⚠[39m app\app.js::935: 'table11' is never reassigned. Use 'const' instead.
2026-07-30 10:24:03.255 +0530 [warn] [33m⚠[39m app\app.js::937: 'tr11' is never reassigned. Use 'const' instead.
2026-07-30 10:24:03.255 +0530 [warn] [33m⚠[39m app\app.js::939: 'td12' is never reassigned. Use 'const' instead.
2026-07-30 10:24:03.255 +0530 [warn] [33m⚠[39m app\app.js::940: 'table1' is never reassigned. Use 'const' instead.
2026-07-30 10:24:03.255 +0530 [warn] [33m⚠[39m app\app.js::941: 'tr1_' is never reassigned. Use 'const' instead.
2026-07-30 10:24:03.255 +0530 [warn] [33m⚠[39m app\app.js::942: 'td1_' is never reassigned. Use 'const' instead.
2026-07-30 10:24:03.255 +0530 [warn] [33m⚠[39m app\app.js::944: 'b1_' is never reassigned. Use 'const' instead.
2026-07-30 10:24:03.255 +0530 [warn] [33m⚠[39m app\app.js::949: 'tr1' is never reassigned. Use 'const' instead.
2026-07-30 10:24:03.255 +0530 [warn] [33m⚠[39m app\app.js::950: 'td1' is never reassigned. Use 'const' instead.
2026-07-30 10:24:03.255 +0530 [warn] [33m⚠[39m app\app.js::952: 'b9_' is never reassigned. Use 'const' instead.
2026-07-30 10:24:03.255 +0530 [warn] [33m⚠[39m app\app.js::957: 'tr2' is never reassigned. Use 'const' instead.
2026-07-30 10:24:03.255 +0530 [warn] [33m⚠[39m app\app.js::958: 'td2' is never reassigned. Use 'const' instead.
2026-07-30 10:24:03.255 +0530 [warn] [33m⚠[39m app\app.js::960: 'b2_' is never reassigned. Use 'const' instead.
2026-07-30 10:24:03.255 +0530 [warn] [33m⚠[39m app\app.js::965: 'tr44' is never reassigned. Use 'const' instead.
2026-07-30 10:24:03.255 +0530 [warn] [33m⚠[39m app\app.js::966: 'td44' is never reassigned. Use 'const' instead.
2026-07-30 10:24:03.255 +0530 [warn] [33m⚠[39m app\app.js::968: 'b3_' is never reassigned. Use 'const' instead.
2026-07-30 10:24:03.255 +0530 [warn] [33m⚠[39m app\app.js::976: 'tr45' is never reassigned. Use 'const' instead.
2026-07-30 10:24:03.255 +0530 [warn] [33m⚠[39m app\app.js::977: 'td45' is never reassigned. Use 'const' instead.
2026-07-30 10:24:03.255 +0530 [warn] [33m⚠[39m app\app.js::979: 'b4_' is never reassigned. Use 'const' instead.
2026-07-30 10:24:03.255 +0530 [warn] [33m⚠[39m app\app.js::986: 'tr49' is never reassigned. Use 'const' instead.
2026-07-30 10:24:03.255 +0530 [warn] [33m⚠[39m app\app.js::987: 'td49' is never reassigned. Use 'const' instead.
2026-07-30 10:24:03.256 +0530 [warn] [33m⚠[39m app\app.js::989: 'b5_' is never reassigned. Use 'const' instead.
2026-07-30 10:24:03.256 +0530 [warn] [33m⚠[39m app\app.js::997: 'tr45' is never reassigned. Use 'const' instead.
2026-07-30 10:24:03.256 +0530 [warn] [33m⚠[39m app\app.js::998: 'td45' is never reassigned. Use 'const' instead.
2026-07-30 10:24:03.256 +0530 [warn] [33m⚠[39m app\app.js::1003: 'tr49' is never reassigned. Use 'const' instead.
2026-07-30 10:24:03.256 +0530 [warn] [33m⚠[39m app\app.js::1004: 'td49' is never reassigned. Use 'const' instead.
2026-07-30 10:24:03.256 +0530 [warn] [33m⚠[39m app\app.js::1010: 'tr46' is never reassigned. Use 'const' instead.
2026-07-30 10:24:03.256 +0530 [warn] [33m⚠[39m app\app.js::1011: 'td46' is never reassigned. Use 'const' instead.
2026-07-30 10:24:03.256 +0530 [warn] [33m⚠[39m app\app.js::1013: 'b6_' is never reassigned. Use 'const' instead.
2026-07-30 10:24:03.256 +0530 [warn] [33m⚠[39m app\app.js::1020: 'tr47' is never reassigned. Use 'const' instead.
2026-07-30 10:24:03.256 +0530 [warn] [33m⚠[39m app\app.js::1021: 'td47' is never reassigned. Use 'const' instead.
2026-07-30 10:24:03.256 +0530 [warn] [33m⚠[39m app\app.js::1023: 'b7_' is never reassigned. Use 'const' instead.
2026-07-30 10:24:03.256 +0530 [warn] [33m⚠[39m app\app.js::1030: 'tr48' is never reassigned. Use 'const' instead.
2026-07-30 10:24:03.256 +0530 [warn] [33m⚠[39m app\app.js::1031: 'td48' is never reassigned. Use 'const' instead.
2026-07-30 10:24:03.256 +0530 [warn] [33m⚠[39m app\app.js::1033: 'b8_' is never reassigned. Use 'const' instead.
2026-07-30 10:24:03.256 +0530 [warn] [33m⚠[39m app\app.js::1056: 'textElement' is never reassigned. Use 'const' instead.
2026-07-30 10:24:08.305 +0530 [warn] [33m⚠[39m app\app.js::1057: 'getContact' is never reassigned. Use 'const' instead.
2026-07-30 10:24:08.305 +0530 [warn] [33m⚠[39m app\js\index.js::5: 'self' is never reassigned. Use 'const' instead.
2026-07-30 10:24:08.306 +0530 [warn] [33m⚠[39m app\js\index.js::6: 'li' is never reassigned. Use 'const' instead.
2026-07-30 10:24:08.306 +0530 [warn] [33m⚠[39m app\js\index.js::10: 'active' is never reassigned. Use 'const' instead.
2026-07-30 10:24:08.306 +0530 [warn] [33m⚠[39m app\js\index.js::18: 'em' is never reassigned. Use 'const' instead.
2026-07-30 10:24:08.306 +0530 [warn] [33m⚠[39m app\js\index.js::22: 'left' is never reassigned. Use 'const' instead.
2026-07-30 10:24:08.306 +0530 [warn] [33m⚠[39m app\js\index.js::23: 'leftNew' is never reassigned. Use 'const' instead.
2026-07-30 10:24:08.306 +0530 [warn] [33m⚠[39m app\js\index.js::24: 'toRight' is never reassigned. Use 'const' instead.
2026-07-30 10:24:08.306 +0530 [warn] 
2026-07-30 10:24:08.306 +0530 [debug] (watcher.js) Preparing to watch the following files ./app,./config,./manifest.json
2026-07-30 10:24:08.306 +0530 [debug] (data.js) Read {"report_hash":"ff059150fe068a77c749bff935d32959fb8cb4bb22124efd14e8d9c874c7d4b1","plenty_101_101_migrate_oauth_status":true,"plenty_101_101_modules":{"plenty_101_101_system_settings":{"currentHost":{"endpoint_urls":{"freshdesk":"https://identifyyou1100.freshdesk.com/"},"subscribed_modules":["support_ticket"],"org_domain":"https://p74712.my.plentysystems.com/","product_types":{"freshdesk":"DEFAULT"}}}}}
2026-07-30 10:24:08.306 +0530 [debug] (custom-objects.js) to force or not? undefined
2026-07-30 10:24:08.306 +0530 [debug] (custom-objects.js) beginning to re-sync db
2026-07-30 10:24:08.783 +0530 [debug] (data.js) Read {"report_hash":"ff059150fe068a77c749bff935d32959fb8cb4bb22124efd14e8d9c874c7d4b1","plenty_101_101_migrate_oauth_status":true,"plenty_101_101_modules":{"plenty_101_101_system_settings":{"currentHost":{"endpoint_urls":{"freshdesk":"https://identifyyou1100.freshdesk.com/"},"subscribed_modules":["support_ticket"],"org_domain":"https://p74712.my.plentysystems.com/","product_types":{"freshdesk":"DEFAULT"}}}}}
2026-07-30 10:24:08.784 +0530 [debug] (custom-objects.js) updated local store with latest entity hash
2026-07-30 10:24:08.784 +0530 [debug] (run.js) migrate stored oauth configs from localstore to sqlite
2026-07-30 10:24:08.810 +0530 [debug] (data.js) Read {"report_hash":"ff059150fe068a77c749bff935d32959fb8cb4bb22124efd14e8d9c874c7d4b1","plenty_101_101_migrate_oauth_status":true,"plenty_101_101_modules":{"plenty_101_101_system_settings":{"currentHost":{"endpoint_urls":{"freshdesk":"https://identifyyou1100.freshdesk.com/"},"subscribed_modules":["support_ticket"],"org_domain":"https://p74712.my.plentysystems.com/","product_types":{"freshdesk":"DEFAULT"}}}}}
2026-07-30 10:24:08.811 +0530 [debug] (data.js) Read {"report_hash":"ff059150fe068a77c749bff935d32959fb8cb4bb22124efd14e8d9c874c7d4b1","plenty_101_101_migrate_oauth_status":true,"plenty_101_101_modules":{"plenty_101_101_system_settings":{"currentHost":{"endpoint_urls":{"freshdesk":"https://identifyyou1100.freshdesk.com/"},"subscribed_modules":["support_ticket"],"org_domain":"https://p74712.my.plentysystems.com/","product_types":{"freshdesk":"DEFAULT"}}}}}
2026-07-30 10:24:08.811 +0530 [debug] (oauth.js) migration completed, returning
2026-07-30 10:24:08.812 +0530 [info] Starting local testing server at http://*:10001/    
Append 'dev=true' to your current host URL to start testing    
     
e.g:     
2026-07-30 10:24:08.812 +0530 [info]   https://domain.freshdesk.com/a/tickets/1?dev=true
2026-07-30 10:24:08.812 +0530 [info] 
Quit the server with Control-C.
2026-07-30 10:24:08.813 +0530 [info] 
To test the installation page, visit - http://localhost:10001/custom_configs
2026-07-30 10:24:59.721 +0530 [debug] (configs.js) manifest featurers : db
2026-07-30 10:24:59.882 +0530 [debug] (http.js) Failed to parse URL: , error: Invalid URL
2026-07-30 10:24:59.941 +0530 [debug] (oauth.js) Fetching oauth configs of product : modules
2026-07-30 10:24:59.941 +0530 [debug] (iframe.js) Checking is authorized for all oauths 
2026-07-30 10:24:59.942 +0530 [debug] (data.js) Read {"report_hash":"ff059150fe068a77c749bff935d32959fb8cb4bb22124efd14e8d9c874c7d4b1","plenty_101_101_migrate_oauth_status":true,"plenty_101_101_modules":{"plenty_101_101_system_settings":{"currentHost":{"endpoint_urls":{"freshdesk":"https://identifyyou1100.freshdesk.com/"},"subscribed_modules":["support_ticket"],"org_domain":"https://p74712.my.plentysystems.com/","product_types":{"freshdesk":"DEFAULT"}}}}}
2026-07-30 10:24:59.945 +0530 [debug] (data.js) Read {"report_hash":"ff059150fe068a77c749bff935d32959fb8cb4bb22124efd14e8d9c874c7d4b1","plenty_101_101_migrate_oauth_status":true,"plenty_101_101_modules":{"plenty_101_101_system_settings":{"currentHost":{"endpoint_urls":{"freshdesk":"https://identifyyou1100.freshdesk.com/"},"subscribed_modules":["support_ticket"],"org_domain":"https://p74712.my.plentysystems.com/","product_types":{"freshdesk":"DEFAULT"}}}}}
2026-07-30 10:24:59.947 +0530 [debug] (data.js) Read {"report_hash":"ff059150fe068a77c749bff935d32959fb8cb4bb22124efd14e8d9c874c7d4b1","plenty_101_101_migrate_oauth_status":true,"plenty_101_101_modules":{"plenty_101_101_system_settings":{"currentHost":{"endpoint_urls":{"freshdesk":"https://identifyyou1100.freshdesk.com/"},"subscribed_modules":["support_ticket"],"org_domain":"https://p74712.my.plentysystems.com/","product_types":{"freshdesk":"DEFAULT"}}}}}
2026-07-30 10:24:59.947 +0530 [debug] (iframe.js) Responding to product with {"configs":{},"displayName":"plenty-markets","product":{"freshdesk":{"location":{"ticket_sidebar":{"url":"agent/template.html","icon":"agent/icon.svg"}},"requests":{"login":{},"validateCredentials":{},"getWorkitem":{},"getOrderNumberItems":{}}}},"modules":{"common":{"requests":{"login":{},"validateCredentials":{},"getWorkitem":{},"getOrderNumberItems":{}}},"support_ticket":{"location":{"ticket_sidebar":{"url":"template.html","icon":"icon.svg"}}}},"features":["db"],"actions":false,"omni":false,"products":["freshdesk"],"platform":"3.0","isInstall":true,"oauth_configs_list":[],"subscribed_modules":["support_ticket"],"endpoint_urls":{"freshdesk":"https://identifyyou1100.freshdesk.com/"},"product_types":{"freshdesk":"DEFAULT"},"currentHost":{"endpoint_urls":{"freshdesk":"https://identifyyou1100.freshdesk.com/"},"subscribed_modules":["support_ticket"],"product_types":{"freshdesk":"DEFAULT"}},"isAuthorized":true,"v2":[]}
2026-07-30 10:24:59.950 +0530 [debug] (data.js) Read {"report_hash":"ff059150fe068a77c749bff935d32959fb8cb4bb22124efd14e8d9c874c7d4b1","plenty_101_101_migrate_oauth_status":true,"plenty_101_101_modules":{"plenty_101_101_system_settings":{"currentHost":{"endpoint_urls":{"freshdesk":"https://identifyyou1100.freshdesk.com/"},"subscribed_modules":["support_ticket"],"org_domain":"https://p74712.my.plentysystems.com/","product_types":{"freshdesk":"DEFAULT"}}}}}
2026-07-30 10:24:59.961 +0530 [debug] (data.js) Read {"report_hash":"ff059150fe068a77c749bff935d32959fb8cb4bb22124efd14e8d9c874c7d4b1","plenty_101_101_migrate_oauth_status":true,"plenty_101_101_modules":{"plenty_101_101_system_settings":{"currentHost":{"endpoint_urls":{"freshdesk":"https://identifyyou1100.freshdesk.com/"},"subscribed_modules":["support_ticket"],"org_domain":"https://p74712.my.plentysystems.com/","product_types":{"freshdesk":"DEFAULT"}}}}}
2026-07-30 10:25:32.707 +0530 [debug] (data-pipe.js) received call for route "request" with action "execute" and body {"action":"execute","data":{"name":"validateCredentials","context":{"domain":""},"body":"{\"username\":\"\",\"password\":\"\"}","isInstall":true,"isOAuth":true},"isInstall":true}
2026-07-30 10:25:32.708 +0530 [debug] (data.js) Read {"report_hash":"ff059150fe068a77c749bff935d32959fb8cb4bb22124efd14e8d9c874c7d4b1","plenty_101_101_migrate_oauth_status":true,"plenty_101_101_modules":{"plenty_101_101_system_settings":{"currentHost":{"endpoint_urls":{"freshdesk":"https://identifyyou1100.freshdesk.com/"},"subscribed_modules":["support_ticket"],"org_domain":"https://p74712.my.plentysystems.com/","product_types":{"freshdesk":"DEFAULT"}}}}}
2026-07-30 10:25:32.926 +0530 [debug] (http.js) Failed to parse URL: https://<%= context.domain %>, error: Invalid URL
2026-07-30 10:25:32.926 +0530 [debug] (request.js) Checking request template for multi-oauth app
2026-07-30 10:25:32.928 +0530 [debug] (data.js) Read {"report_hash":"ff059150fe068a77c749bff935d32959fb8cb4bb22124efd14e8d9c874c7d4b1","plenty_101_101_migrate_oauth_status":true,"plenty_101_101_modules":{"plenty_101_101_system_settings":{"currentHost":{"endpoint_urls":{"freshdesk":"https://identifyyou1100.freshdesk.com/"},"subscribed_modules":["support_ticket"],"org_domain":"https://p74712.my.plentysystems.com/","product_types":{"freshdesk":"DEFAULT"}}}}}
2026-07-30 10:25:32.929 +0530 [debug] (data.js) Read {"report_hash":"ff059150fe068a77c749bff935d32959fb8cb4bb22124efd14e8d9c874c7d4b1","plenty_101_101_migrate_oauth_status":true,"plenty_101_101_modules":{"plenty_101_101_system_settings":{"currentHost":{"endpoint_urls":{"freshdesk":"https://identifyyou1100.freshdesk.com/"},"subscribed_modules":["support_ticket"],"org_domain":"https://p74712.my.plentysystems.com/","product_types":{"freshdesk":"DEFAULT"}}}}}
2026-07-30 10:25:32.930 +0530 [debug] (data.js) Read {"report_hash":"ff059150fe068a77c749bff935d32959fb8cb4bb22124efd14e8d9c874c7d4b1","plenty_101_101_migrate_oauth_status":true,"plenty_101_101_modules":{"plenty_101_101_system_settings":{"currentHost":{"endpoint_urls":{"freshdesk":"https://identifyyou1100.freshdesk.com/"},"subscribed_modules":["support_ticket"],"org_domain":"https://p74712.my.plentysystems.com/","product_types":{"freshdesk":"DEFAULT"}}}}}
2026-07-30 10:25:32.930 +0530 [debug] (request.js) Obtained creds 
2026-07-30 10:25:32.932 +0530 [debug] (data.js) Read {"report_hash":"ff059150fe068a77c749bff935d32959fb8cb4bb22124efd14e8d9c874c7d4b1","plenty_101_101_migrate_oauth_status":true,"plenty_101_101_modules":{"plenty_101_101_system_settings":{"currentHost":{"endpoint_urls":{"freshdesk":"https://identifyyou1100.freshdesk.com/"},"subscribed_modules":["support_ticket"],"org_domain":"https://p74712.my.plentysystems.com/","product_types":{"freshdesk":"DEFAULT"}}}}}
2026-07-30 10:25:32.934 +0530 [debug] (request.js) error while validating schema or fetching files for validateCredentials: runtime validation failed.
2026-07-30 10:28:36.145 +0530 [debug] (report.js) Generating hash for report.json file
